estimate[0],estimate[1],estimate[2],estimate[3],estimate[4],estimate[5],estimate[6],estimate[7],estimate[8],cp,edge,serv,tx
0:0,25,127.00,60
1:-14566.38,-10776.28,-7216.43,-4477.86,-2832.96,-1418.75,-1000.02,-6.40,-0.14
0:2,81,80.00,53
1:126.90,-1004.95,-2136.91,-784.56,-1350.54,-674.36,-957.35,-6.14,-0.14
0:8,242,80.00,53
1:126.90,102.83,79.90,44.09,32.39,16.22,9.97,-0.10,-0.14
0:7,216,48.00,0
1:126.90,102.83,79.90,44.09,32.39,16.22,9.97,-0.10,-0.14
0:6,187,22.00,12
1:126.88,26.21,79.94,288.35,271.92,-15.65,-67.31,35.38,23.86
0:5,160,135.00,10
1:126.77,68.70,80.20,185.57,171.99,47.38,21.29,34.40,20.51
0:1,53,65.00,53
1:128.90,60.88,80.25,282.31,247.23,104.86,42.56,48.71,36.27
0:1,53,112.00,55
1:129.69,63.60,80.64,275.67,240.39,104.74,43.28,47.68,35.08
0:1,53,123.00,102
1:135.40,82.97,83.47,226.63,189.88,103.88,48.47,40.11,26.25
0:1,53,66.00,56
1:138.78,94.41,85.13,197.67,160.04,103.37,51.54,35.65,21.04
0:1,53,79.00,53
1:136.91,88.09,84.21,213.72,176.58,103.65,49.84,38.12,23.93
0:1,53,67.00,50
1:136.42,86.43,83.97,217.94,180.93,103.72,49.40,38.77,24.69
0:1,53,76.00,58
1:135.54,83.44,83.53,225.54,188.76,103.86,48.59,39.95,26.06
0:1,53,82.00,50
1:135.24,82.44,83.39,228.07,191.36,103.90,48.33,40.34,26.51
0:1,53,112.00,49
1:135.22,82.39,83.38,228.22,191.51,103.90,48.31,40.36,26.54
0:1,53,133.00,77
1:136.14,85.50,83.83,220.32,183.38,103.77,49.15,39.14,25.12
0:1,53,65.00,53
1:137.48,90.03,84.49,208.86,171.58,103.57,50.36,37.37,23.06
0:1,53,124.00,56
1:136.83,87.85,84.17,214.39,177.27,103.66,49.78,38.22,24.05
0:1,53,94.00,60
1:137.69,90.74,84.60,207.06,169.72,103.53,50.55,37.09,22.73
0:1,53,124.00,52
1:137.76,90.98,84.63,206.45,169.10,103.52,50.61,37.00,22.62
0:1,53,96.00,77
1:138.43,93.26,84.96,200.69,163.16,103.42,51.23,36.11,21.59
0:1,53,75.00,59
1:138.48,93.43,84.99,200.24,162.70,103.41,51.27,36.04,21.51
0:1,53,175.00,82
1:138.15,92.32,84.82,203.08,165.62,103.46,50.97,36.48,22.02
0:1,52,127.00,49
1:139.55,97.04,85.51,191.10,153.28,103.25,52.24,34.63,19.86
0:1,53,67.00,55
1:140.02,98.66,85.75,187.00,149.06,103.18,52.67,34.00,19.12
0:1,52,72.00,57
1:139.54,97.04,85.51,191.12,153.30,103.25,52.24,34.64,19.87
0:1,53,66.00,55
1:139.18,95.81,85.33,194.22,156.50,103.31,51.91,35.11,20.42
0:1,52,74.00,56
1:138.77,94.43,85.13,197.74,160.12,103.37,51.54,35.66,21.06
0:1,53,100.00,57
1:138.51,93.52,85.00,200.04,162.49,103.41,51.29,36.01,21.47
0:1,52,72.00,54
1:138.59,93.79,85.04,199.35,161.78,103.40,51.37,35.90,21.35
0:1,53,74.00,55
1:138.32,92.90,84.91,201.60,164.10,103.44,51.13,36.25,21.75
0:1,53,134.00,50
1:138.10,92.16,84.80,203.49,166.04,103.47,50.93,36.54,22.09
0:1,52,158.00,52
1:138.57,93.74,85.03,199.48,161.92,103.40,51.35,35.93,21.37
0:1,53,149.00,85
1:139.26,96.08,85.37,193.56,155.82,103.30,51.98,35.01,20.31
0:1,53,117.00,51
1:139.81,97.93,85.64,188.86,150.97,103.21,52.48,34.29,19.46
0:1,53,86.00,50
1:140.00,98.58,85.74,187.22,149.28,103.19,52.65,34.03,19.16
0:1,53,135.00,51
1:139.88,98.17,85.68,188.27,150.36,103.20,52.54,34.20,19.35
0:1,52,119.00,62
1:140.22,99.34,85.85,185.30,147.31,103.15,52.85,33.74,18.82
0:1,52,167.00,125
1:140.40,99.94,85.94,183.77,145.73,103.13,53.02,33.50,18.54
0:4,134,90.00,20
1:140.99,101.94,86.23,178.70,140.51,103.04,53.55,32.72,17.63
0:3,107,80.00,19
1:133.33,102.47,73.60,134.77,96.67,98.78,56.01,27.94,12.00
0:0,25,146.00,51
1:125.39,102.66,73.89,103.90,75.88,90.75,63.07,25.98,9.65
0:2,81,138.00,87
1:133.16,102.94,69.22,105.75,76.20,89.56,62.07,27.22,11.03
0:0,25,82.00,47
1:122.03,104.34,89.08,107.10,88.89,81.59,61.88,25.48,9.28
0:0,25,120.00,60
1:111.86,103.80,93.93,104.27,87.16,84.12,63.36,23.86,7.45
0:0,25,216.00,132
1:113.50,103.89,93.15,104.73,87.44,83.71,63.12,24.12,7.75
0:0,26,149.00,116
1:130.76,104.81,84.94,109.52,90.38,79.43,60.62,26.87,10.85
0:1,53,69.00,51
1:133.39,104.95,83.69,110.25,90.82,78.78,60.24,27.28,11.32
0:1,52,134.00,50
1:133.12,103.98,82.80,110.56,91.34,78.31,60.03,27.50,11.58
0:1,53,109.00,78
1:133.34,104.77,83.53,110.31,90.92,78.69,60.20,27.33,11.37
0:1,53,70.00,53
1:133.37,104.88,83.63,110.28,90.86,78.75,60.22,27.30,11.34
0:1,53,122.00,53
1:133.12,104.01,82.83,110.56,91.33,78.32,60.04,27.50,11.57
0:1,53,150.00,79
1:133.25,104.44,83.23,110.42,91.09,78.53,60.13,27.40,11.46
0:1,53,81.00,52
1:133.55,105.52,84.22,110.07,90.52,79.06,60.36,27.15,11.17
0:1,52,149.00,87
1:133.39,104.96,83.70,110.25,90.82,78.79,60.24,27.28,11.32
0:1,53,174.00,105
1:133.67,105.95,84.62,109.93,90.29,79.28,60.45,27.06,11.06
0:0,26,222.00,130
1:134.09,107.45,86.00,109.44,89.48,80.02,60.77,26.71,10.67
0:1,53,134.00,75
1:145.13,107.93,80.62,112.56,91.43,77.21,59.14,28.50,12.69
0:1,53,132.00,51
1:145.27,108.49,81.15,112.37,91.12,77.49,59.27,28.37,12.54
0:1,52,154.00,57
1:145.39,108.99,81.62,112.20,90.85,77.74,59.37,28.26,12.41
0:1,52,85.00,65
1:145.62,109.92,82.49,111.89,90.35,78.21,59.58,28.04,12.16
0:1,53,82.00,58
1:145.49,109.41,82.02,112.06,90.62,77.95,59.47,28.16,12.29
0:1,53,118.00,53
1:145.36,108.87,81.51,112.24,90.92,77.68,59.35,28.28,12.44
0:1,53,69.00,53
1:145.40,109.05,81.67,112.18,90.82,77.77,59.39,28.24,12.39
0:1,53,123.00,50
1:145.22,108.28,80.95,112.44,91.24,77.39,59.22,28.42,12.60
0:1,53,72.00,52
1:145.28,108.56,81.21,112.35,91.09,77.52,59.28,28.36,12.52
0:1,52,97.00,76
1:145.12,107.88,80.58,112.57,91.45,77.19,59.13,28.51,12.70
0:1,53,66.00,51
1:145.07,107.69,80.39,112.64,91.56,77.09,59.09,28.56,12.76
0:1,53,132.00,98
1:144.89,106.95,79.70,112.88,91.96,76.72,58.93,28.73,12.95
0:1,52,133.00,56
1:145.00,107.38,80.11,112.74,91.73,76.94,59.02,28.63,12.84
0:1,53,113.00,81
1:145.10,107.82,80.52,112.59,91.49,77.16,59.12,28.53,12.72
0:1,53,116.00,52
1:145.13,107.91,80.60,112.56,91.44,77.20,59.14,28.51,12.70
0:1,53,70.00,50
1:145.16,108.04,80.73,112.52,91.37,77.27,59.17,28.48,12.66
0:1,52,150.00,88
1:145.01,107.42,80.15,112.73,91.70,76.96,59.03,28.62,12.83
0:1,52,113.00,59
1:145.17,108.11,80.79,112.50,91.33,77.30,59.18,28.46,12.64
0:1,53,297.00,246
1:145.19,108.18,80.86,112.47,91.29,77.34,59.20,28.44,12.62
0:1,53,195.00,133
1:145.91,111.12,83.62,111.49,89.70,78.81,59.84,27.76,11.83
0:1,53,108.00,46
1:146.22,112.40,84.82,111.06,89.00,79.45,60.12,27.46,11.49
0:1,53,127.00,85
1:146.21,112.34,84.76,111.08,89.04,79.42,60.10,27.47,11.51
0:1,53,116.00,48
1:146.26,112.55,84.97,111.01,88.92,79.53,60.15,27.42,11.45
0:1,52,186.00,174
1:146.27,112.60,85.01,110.99,88.89,79.56,60.16,27.41,11.43
0:1,52,72.00,53
1:146.53,113.66,86.01,110.64,88.32,80.09,60.39,27.16,11.15
0:1,53,65.00,52
1:146.39,113.07,85.45,110.84,88.64,79.79,60.27,27.30,11.31
0:1,53,170.00,147
1:146.22,112.40,84.82,111.06,89.00,79.45,60.12,27.46,11.49
0:1,52,479.00,415
1:146.42,113.19,85.57,110.80,88.57,79.85,60.29,27.27,11.28
0:1,53,479.00,4438
1:147.64,118.18,90.25,109.13,85.86,82.35,61.38,26.11,9.94
0:0,25,71.00,49
1:148.82,123.03,94.81,107.51,83.22,84.79,62.44,24.97,8.63
0:0,25,68.00,53
1:140.17,122.81,99.19,105.01,81.61,87.07,63.76,23.53,7.00
0:0,25,75.00,57
1:132.94,122.62,102.84,102.92,80.27,88.98,64.85,22.32,5.64
0:0,26,116.00,53
1:127.67,122.48,105.50,101.40,79.28,90.37,65.65,21.44,4.64
0:0,25,187.00,114
1:126.69,122.45,105.99,101.12,79.10,90.63,65.80,21.28,4.46
0:0,25,106.00,54
1:131.33,122.57,103.65,102.46,79.97,89.40,65.10,22.06,5.33
0:0,25,73.00,56
1:129.52,122.53,104.56,101.93,79.63,89.88,65.37,21.75,4.99
0:0,25,70.00,56
1:125.75,122.43,106.47,100.84,78.93,90.87,65.95,21.12,4.28
0:0,25,138.00,125
1:122.26,122.34,108.23,99.84,78.28,91.79,66.48,20.54,3.63
0:0,25,66.00,51
1:123.19,122.36,107.76,100.10,78.45,91.55,66.34,20.70,3.80
0:0,25,66.00,55
1:120.01,122.28,109.37,99.18,77.86,92.39,66.82,20.17,3.20
0:0,25,67.00,54
1:117.17,122.20,110.81,98.36,77.33,93.14,67.25,19.69,2.66
0:0,25,268.00,183
1:114.66,122.14,112.07,97.64,76.86,93.80,67.63,19.27,2.19
0:0,25,69.00,57
1:121.96,122.33,108.39,99.75,78.22,91.87,66.52,20.49,3.57
0:0,26,201.00,189
1:119.55,122.26,109.60,99.05,77.77,92.51,66.89,20.09,3.11
0:0,25,68.00,52
1:123.09,122.36,107.81,100.07,78.43,91.58,66.35,20.68,3.78
0:0,25,66.00,51
1:120.80,122.30,108.97,99.41,78.00,92.18,66.70,20.30,3.35
0:0,25,119.00,56
1:118.60,122.24,110.08,98.78,77.59,92.76,67.03,19.93,2.93
0:0,25,222.00,168
1:118.62,122.24,110.07,98.78,77.60,92.76,67.03,19.93,2.94
0:0,25,109.00,56
1:122.45,122.34,108.14,99.89,78.31,91.75,66.45,20.57,3.66
0:0,25,63.00,52
1:121.97,122.33,108.38,99.75,78.22,91.87,66.52,20.49,3.57
0:0,25,68.00,52
1:119.93,122.27,109.41,99.16,77.84,92.41,66.83,20.15,3.18
0:0,25,113.00,54
1:118.20,122.23,110.29,98.66,77.52,92.87,67.09,19.86,2.86
0:0,25,200.00,61
1:118.03,122.22,110.37,98.61,77.49,92.91,67.12,19.84,2.83
0:0,25,73.00,49
1:120.60,122.29,109.08,99.35,77.96,92.24,66.73,20.26,3.31
0:0,25,156.00,141
1:119.15,122.25,109.81,98.94,77.69,92.62,66.95,20.02,3.04
0:0,25,70.00,54
1:120.24,122.28,109.26,99.25,77.90,92.33,66.79,20.20,3.24
0:0,25,71.00,54
1:118.80,122.24,109.98,98.83,77.63,92.71,67.00,19.96,2.97
0:0,26,76.00,54
1:117.47,122.21,110.65,98.45,77.38,93.06,67.21,19.74,2.72
0:0,25,82.00,62
1:116.35,122.18,111.22,98.13,77.17,93.35,67.38,19.56,2.51
0:0,25,82.00,4304
1:115.45,122.16,111.68,97.86,77.00,93.59,67.51,19.41,2.34
0:0,25,116.00,55
1:114.59,122.13,112.11,97.62,76.84,93.82,67.64,19.26,2.18
0:0,25,116.00,13809
1:114.62,122.13,112.09,97.63,76.85,93.81,67.64,19.27,2.18
0:0,25,1384.00,1360
1:114.66,122.14,112.08,97.64,76.86,93.80,67.63,19.27,2.19
0:0,25,119.00,96
1:144.89,122.93,96.82,106.37,82.49,85.83,63.04,24.31,7.89
0:0,25,68.00,54
1:144.28,122.91,97.12,106.19,82.37,85.99,63.13,24.21,7.77
0:0,25,124.00,50
1:142.55,122.87,98.00,105.69,82.05,86.45,63.40,23.92,7.45
0:0,26,117.00,56
1:142.14,122.86,98.20,105.57,81.97,86.56,63.46,23.85,7.37
0:0,25,193.00,111
1:141.59,122.84,98.48,105.41,81.87,86.70,63.54,23.76,7.26
0:0,25,121.00,55
1:142.68,122.87,97.93,105.73,82.08,86.42,63.38,23.95,7.47
0:0,26,72.00,54
1:142.23,122.86,98.16,105.60,81.99,86.53,63.45,23.87,7.39
0:0,25,110.00,55
1:140.80,122.82,98.88,105.19,81.73,86.91,63.66,23.63,7.12
0:0,25,124.00,48
1:140.18,122.81,99.19,105.01,81.61,87.07,63.76,23.53,7.00
0:0,25,67.00,52
1:139.86,122.80,99.35,104.92,81.55,87.16,63.80,23.48,6.94
0:0,25,67.00,10453
1:138.46,122.76,100.06,104.51,81.29,87.53,64.02,23.24,6.68
0:0,25,109.00,51
1:137.11,122.73,100.74,104.12,81.04,87.88,64.22,23.02,6.42
0:0,25,140.00,67
1:136.59,122.71,101.00,103.97,80.94,88.02,64.30,22.93,6.32
0:0,25,62.00,51
1:136.65,122.71,100.97,103.99,80.95,88.00,64.29,22.94,6.33
0:0,25,101.00,51
1:135.32,122.68,101.65,103.60,80.71,88.36,64.49,22.72,6.08
0:0,25,68.00,48
1:134.72,122.66,101.95,103.43,80.59,88.51,64.59,22.62,5.97
0:0,25,1741.00,1673
1:133.57,122.63,102.53,103.10,80.38,88.82,64.76,22.43,5.75
0:2,81,327.00,147
1:160.82,123.35,88.77,110.97,85.45,81.64,60.62,26.97,10.89
0:1,53,68.00,54
1:159.12,126.14,128.55,124.51,128.98,49.44,54.92,27.59,12.23
0:1,53,1267.00,53
1:159.09,125.38,127.87,124.86,129.58,48.90,54.70,27.80,12.48
0:0,25,66.00,56
1:159.70,140.08,140.91,118.06,118.00,59.36,58.83,23.74,7.77
0:0,25,65.00,55
1:158.14,140.03,141.57,117.56,117.56,59.88,59.08,23.47,7.47
0:0,25,66.00,55
1:156.62,139.98,142.22,117.08,117.14,60.39,59.33,23.22,7.18
0:0,25,76.00,57
1:155.16,139.94,142.83,116.61,116.73,60.88,59.57,22.97,6.90
0:0,25,74.00,58
1:153.91,139.90,143.36,116.21,116.38,61.30,59.78,22.76,6.66
0:0,26,121.00,55
1:152.66,139.86,143.89,115.81,116.03,61.71,59.98,22.55,6.42
0:0,25,128.00,68
1:152.18,139.84,144.09,115.66,115.89,61.87,60.06,22.47,6.33
0:0,25,70.00,52
1:151.81,139.83,144.25,115.54,115.79,61.99,60.13,22.41,6.26
0:0,25,109.00,57
1:150.59,139.79,144.76,115.15,115.45,62.40,60.33,22.20,6.02
0:0,25,79.00,57
1:149.98,139.77,145.02,114.96,115.28,62.60,60.43,22.10,5.90
0:0,25,85.00,68
1:148.96,139.74,145.45,114.63,114.99,62.95,60.60,21.92,5.71
0:0,26,82.00,70
1:148.05,139.71,145.84,114.34,114.74,63.25,60.75,21.77,5.53
0:0,26,88.00,79
1:147.12,139.68,146.23,114.05,114.48,63.56,60.90,21.61,5.35
0:0,25,64.00,52
1:146.30,139.66,146.58,113.78,114.25,63.83,61.03,21.48,5.20
0:0,25,109.00,53
1:145.18,139.62,147.05,113.43,113.93,64.21,61.22,21.29,4.98
0:0,25,166.00,111
1:144.69,139.61,147.26,113.27,113.79,64.37,61.30,21.20,4.89
0:0,25,118.00,56
1:144.97,139.62,147.14,113.36,113.87,64.28,61.25,21.25,4.94
0:0,25,68.00,56
1:144.62,139.61,147.29,113.25,113.78,64.39,61.31,21.19,4.87
0:0,25,69.00,54
1:143.63,139.57,147.71,112.93,113.50,64.73,61.47,21.02,4.68
0:0,25,74.00,64
1:142.67,139.54,148.11,112.63,113.23,65.04,61.63,20.86,4.50
0:0,25,111.00,85
1:141.80,139.52,148.48,112.35,112.99,65.33,61.77,20.72,4.33
0:0,25,112.00,58
1:141.42,139.50,148.64,112.23,112.88,65.46,61.84,20.65,4.26
0:0,25,118.00,53
1:141.06,139.49,148.80,112.11,112.78,65.58,61.90,20.59,4.19
0:0,25,152.00,137
1:140.78,139.48,148.91,112.02,112.70,65.68,61.94,20.54,4.13
0:0,25,113.00,58
1:140.91,139.49,148.86,112.06,112.74,65.63,61.92,20.57,4.16
0:0,25,112.00,56
1:140.58,139.48,149.00,111.96,112.64,65.74,61.98,20.51,4.10
0:0,25,105.00,53
1:140.25,139.47,149.14,111.85,112.55,65.85,62.03,20.45,4.03
0:0,25,68.00,52
1:139.84,139.45,149.31,111.72,112.44,65.99,62.10,20.38,3.95
0:0,25,137.00,71
1:139.01,139.43,149.66,111.46,112.20,66.26,62.23,20.24,3.79
0:0,25,65.00,51
1:138.99,139.43,149.67,111.45,112.20,66.27,62.24,20.24,3.79
0:0,25,76.00,52
1:138.16,139.40,150.02,111.19,111.97,66.55,62.38,20.10,3.63
0:0,25,103.00,50
1:137.47,139.38,150.31,110.97,111.77,66.78,62.49,19.98,3.50
0:0,25,74.00,61
1:137.09,139.37,150.47,110.85,111.67,66.90,62.55,19.92,3.43
0:0,25,110.00,53
1:136.41,139.35,150.76,110.63,111.47,67.13,62.66,19.80,3.29
0:0,25,128.00,75
1:136.13,139.34,150.88,110.54,111.40,67.23,62.71,19.76,3.24
0:0,25,69.00,53
1:136.04,139.33,150.92,110.51,111.37,67.26,62.72,19.74,3.22
0:0,25,119.00,66
1:135.33,139.31,151.22,110.28,111.17,67.49,62.84,19.62,3.09
0:0,25,73.00,52
1:135.17,139.31,151.29,110.23,111.13,67.55,62.87,19.59,3.05
0:0,25,116.00,62
1:134.53,139.29,151.56,110.03,110.95,67.76,62.97,19.49,2.93
0:0,25,72.00,54
1:134.34,139.28,151.64,109.97,110.89,67.82,63.01,19.45,2.90
0:0,25,80.00,70
1:133.71,139.26,151.90,109.77,110.72,68.03,63.11,19.35,2.77
0:0,25,122.00,65
1:133.17,139.24,152.13,109.59,110.57,68.21,63.20,19.26,2.67
0:0,26,66.00,57
1:133.06,139.24,152.18,109.56,110.54,68.25,63.22,19.24,2.65
0:0,25,142.00,86
1:132.41,139.22,152.46,109.35,110.35,68.47,63.32,19.13,2.52
0:0,25,101.00,50
1:132.50,139.22,152.42,109.38,110.38,68.44,63.31,19.14,2.54
0:0,26,115.00,56
1:132.20,139.21,152.54,109.28,110.29,68.54,63.36,19.09,2.48
0:0,25,183.00,123
1:132.03,139.21,152.61,109.23,110.25,68.59,63.38,19.07,2.45
0:0,25,73.00,51
1:132.51,139.22,152.41,109.38,110.38,68.43,63.31,19.15,2.54
0:0,26,80.00,46
1:131.96,139.21,152.64,109.21,110.23,68.62,63.40,19.05,2.44
0:0,25,82.00,62
1:131.48,139.19,152.85,109.05,110.09,68.78,63.48,18.97,2.35
0:0,25,135.00,78
1:131.02,139.18,153.04,108.91,109.97,68.93,63.55,18.90,2.26
0:0,25,117.00,55
1:131.06,139.18,153.02,108.92,109.98,68.92,63.55,18.90,2.27
0:0,25,111.00,51
1:130.93,139.17,153.08,108.88,109.94,68.96,63.57,18.88,2.24
0:0,25,139.00,116
1:130.76,139.17,153.15,108.82,109.89,69.02,63.60,18.85,2.21
0:0,25,118.00,62
1:130.83,139.17,153.12,108.85,109.91,69.00,63.58,18.86,2.22
0:0,25,112.00,55
1:130.72,139.17,153.17,108.81,109.88,69.03,63.60,18.84,2.20
0:0,25,134.00,125
1:130.55,139.16,153.24,108.76,109.83,69.09,63.63,18.82,2.17
0:0,25,97.00,84
1:130.58,139.16,153.23,108.77,109.84,69.08,63.62,18.82,2.17
0:0,25,70.00,56
1:130.30,139.15,153.35,108.68,109.76,69.17,63.67,18.77,2.12
0:0,25,108.00,55
1:129.79,139.14,153.56,108.51,109.62,69.34,63.76,18.69,2.02
0:0,25,109.00,98
1:129.60,139.13,153.64,108.46,109.57,69.40,63.79,18.66,1.99
0:0,25,135.00,81
1:129.43,139.13,153.71,108.40,109.52,69.46,63.81,18.63,1.95
0:0,25,72.00,56
1:129.48,139.13,153.69,108.42,109.53,69.45,63.81,18.63,1.96
0:0,25,81.00,69
1:129.01,139.11,153.89,108.27,109.40,69.60,63.88,18.55,1.87
0:0,25,114.00,81
1:128.62,139.10,154.06,108.14,109.29,69.73,63.95,18.49,1.80
0:0,25,121.00,58
1:128.50,139.10,154.11,108.10,109.26,69.77,63.97,18.47,1.77
0:0,25,70.00,52
1:128.44,139.10,154.13,108.08,109.24,69.79,63.98,18.46,1.76
0:0,26,110.00,52
1:127.98,139.08,154.33,107.94,109.11,69.95,64.05,18.38,1.67
0:0,25,113.00,58
1:127.84,139.08,154.39,107.89,109.07,69.99,64.08,18.36,1.65
0:0,25,76.00,54
1:127.72,139.07,154.44,107.85,109.04,70.03,64.10,18.34,1.62
0:0,25,67.00,51
1:127.32,139.06,154.61,107.73,108.93,70.17,64.16,18.27,1.55
0:0,25,113.00,55
1:126.86,139.05,154.80,107.58,108.80,70.32,64.24,18.19,1.46
0:0,25,123.00,57
1:126.75,139.04,154.85,107.55,108.77,70.36,64.26,18.17,1.44
0:0,25,71.00,56
1:126.72,139.04,154.86,107.54,108.76,70.37,64.26,18.17,1.43
0:0,26,62.00,51
1:126.30,139.03,155.04,107.40,108.64,70.50,64.33,18.10,1.35
0:0,25,105.00,54
1:125.83,139.01,155.24,107.25,108.51,70.66,64.41,18.02,1.26
0:0,25,73.00,55
1:125.67,139.01,155.30,107.20,108.47,70.72,64.43,17.99,1.23
0:0,25,121.00,107
1:125.28,139.00,155.47,107.08,108.36,70.84,64.50,17.93,1.16
0:0,25,87.00,65
1:125.25,139.00,155.48,107.07,108.35,70.86,64.50,17.92,1.15
0:0,26,69.00,56
1:124.98,138.99,155.60,106.98,108.27,70.95,64.55,17.87,1.10
0:0,25,108.00,53
1:124.57,138.97,155.77,106.85,108.16,71.08,64.61,17.81,1.02
0:0,25,108.00,52
1:124.46,138.97,155.82,106.81,108.13,71.12,64.63,17.79,1.00
0:0,25,154.00,96
1:124.34,138.97,155.87,106.78,108.09,71.16,64.65,17.77,0.97
0:0,25,113.00,53
1:124.55,138.97,155.78,106.84,108.15,71.09,64.62,17.80,1.01
0:0,26,177.00,123
1:124.47,138.97,155.81,106.82,108.13,71.12,64.63,17.79,1.00
0:0,25,116.00,51
1:124.83,138.98,155.66,106.93,108.23,71.00,64.57,17.85,1.07
0:0,26,62.00,49
1:124.77,138.98,155.68,106.91,108.21,71.02,64.58,17.84,1.06
0:0,26,113.00,57
1:124.34,138.97,155.87,106.78,108.09,71.16,64.65,17.77,0.97
0:0,26,151.00,138
1:124.26,138.96,155.90,106.75,108.07,71.19,64.67,17.75,0.96
0:0,25,142.00,80
1:124.44,138.97,155.82,106.81,108.12,71.13,64.64,17.78,0.99
0:0,25,161.00,141
1:124.56,138.97,155.77,106.85,108.16,71.09,64.62,17.80,1.02
0:0,25,81.00,72
1:124.80,138.98,155.67,106.92,108.22,71.01,64.58,17.84,1.06
0:0,25,68.00,56
1:124.52,138.97,155.79,106.83,108.14,71.10,64.62,17.80,1.01
0:0,25,109.00,56
1:124.14,138.96,155.95,106.71,108.04,71.23,64.69,17.73,0.94
0:0,25,123.00,94
1:124.05,138.96,155.99,106.68,108.01,71.26,64.70,17.72,0.92
0:0,25,152.00,74
1:124.04,138.96,155.99,106.68,108.01,71.26,64.70,17.72,0.92
0:0,25,176.00,120
1:124.22,138.96,155.92,106.74,108.06,71.20,64.67,17.75,0.95
0:0,26,86.00,50
1:124.55,138.97,155.78,106.84,108.15,71.09,64.62,17.80,1.01
0:0,25,79.00,53
1:124.30,138.97,155.88,106.76,108.08,71.17,64.66,17.76,0.97
0:0,25,115.00,56
1:124.02,138.96,156.00,106.67,108.00,71.27,64.71,17.71,0.91
0:0,25,74.00,53
1:123.96,138.95,156.03,106.66,107.99,71.29,64.72,17.70,0.90
0:0,25,81.00,66
1:123.65,138.94,156.16,106.56,107.90,71.39,64.77,17.65,0.84
0:0,25,142.00,82
1:123.39,138.94,156.27,106.47,107.83,71.48,64.81,17.60,0.79
0:0,25,78.00,53
1:123.50,138.94,156.22,106.51,107.86,71.44,64.79,17.62,0.81
0:0,25,65.00,48
1:123.22,138.93,156.34,106.42,107.78,71.53,64.84,17.58,0.76
0:0,25,98.00,78
1:122.87,138.92,156.49,106.31,107.68,71.65,64.90,17.52,0.69
0:0,25,111.00,86
1:122.72,138.92,156.55,106.26,107.64,71.70,64.92,17.49,0.66
0:0,25,63.00,51
1:122.65,138.91,156.58,106.24,107.62,71.73,64.93,17.48,0.65
0:0,25,66.00,51
1:122.29,138.90,156.73,106.12,107.52,71.84,64.99,17.42,0.58
0:0,25,68.00,50
1:121.95,138.89,156.88,106.01,107.42,71.96,65.05,17.36,0.51
0:0,25,116.00,58
1:121.64,138.88,157.01,105.91,107.33,72.06,65.10,17.31,0.45
0:0,26,87.00,73
1:121.60,138.88,157.02,105.90,107.33,72.07,65.10,17.30,0.45
0:0,25,73.00,54
1:121.40,138.87,157.11,105.84,107.27,72.14,65.14,17.27,0.41
0:0,25,67.00,55
1:121.12,138.86,157.23,105.75,107.19,72.23,65.18,17.22,0.35
0:0,25,187.00,71
1:120.81,138.86,157.36,105.65,107.10,72.34,65.24,17.17,0.29
0:0,26,133.00,69
1:121.19,138.87,157.20,105.77,107.21,72.21,65.17,17.23,0.37
0:0,25,104.00,51
1:121.25,138.87,157.17,105.79,107.23,72.19,65.16,17.24,0.38
0:0,25,105.00,54
1:121.16,138.87,157.21,105.76,107.20,72.22,65.18,17.23,0.36
0:0,25,115.00,95
1:121.06,138.86,157.25,105.73,107.17,72.25,65.19,17.21,0.34
0:0,25,66.00,50
1:121.03,138.86,157.27,105.72,107.17,72.26,65.20,17.21,0.34
0:0,25,106.00,55
1:120.72,138.85,157.40,105.62,107.08,72.37,65.25,17.16,0.28
0:0,26,68.00,52
1:120.64,138.85,157.43,105.60,107.06,72.39,65.26,17.14,0.26
0:0,25,207.00,139
1:120.35,138.84,157.55,105.50,106.98,72.49,65.31,17.09,0.21
0:0,25,64.00,55
1:120.83,138.86,157.35,105.65,107.11,72.33,65.23,17.17,0.30
0:0,25,65.00,52
1:120.52,138.85,157.48,105.56,107.02,72.44,65.28,17.12,0.24
0:0,26,114.00,61
1:120.21,138.84,157.61,105.46,106.94,72.54,65.33,17.07,0.18
0:0,25,150.00,130
1:120.18,138.84,157.63,105.45,106.93,72.55,65.34,17.06,0.17
0:0,25,100.00,49
1:120.34,138.84,157.56,105.50,106.97,72.49,65.31,17.09,0.20
0:0,25,71.00,54
1:120.23,138.84,157.60,105.47,106.94,72.53,65.33,17.07,0.18
0:0,25,184.00,174
1:119.97,138.83,157.71,105.38,106.87,72.62,65.37,17.03,0.13
0:0,25,71.00,56
1:120.31,138.84,157.57,105.49,106.96,72.50,65.32,17.09,0.20
0:0,25,79.00,49
1:120.05,138.83,157.68,105.41,106.89,72.59,65.36,17.04,0.15
0:0,25,106.00,51
1:119.84,138.82,157.77,105.34,106.83,72.66,65.40,17.01,0.11
0:0,25,74.00,56
1:119.76,138.82,157.80,105.32,106.81,72.69,65.41,16.99,0.09
0:0,25,70.00,58
1:119.53,138.81,157.90,105.24,106.74,72.77,65.45,16.95,0.05
0:0,25,66.00,56
1:119.27,138.81,158.01,105.16,106.67,72.85,65.49,16.91,-0.00
0:0,25,119.00,52
1:119.00,138.80,158.13,105.07,106.60,72.94,65.53,16.86,-0.05
0:0,25,171.00,110
1:119.00,138.80,158.13,105.07,106.60,72.94,65.53,16.86,-0.05
0:0,25,105.00,52
1:119.26,138.81,158.01,105.16,106.67,72.85,65.49,16.91,-0.00
0:0,25,67.00,54
1:119.19,138.80,158.04,105.13,106.65,72.88,65.50,16.90,-0.02
0:0,25,105.00,50
1:118.93,138.80,158.15,105.05,106.58,72.97,65.54,16.85,-0.07
0:0,25,110.00,89
1:118.86,138.79,158.18,105.03,106.56,72.99,65.56,16.84,-0.08
0:0,25,71.00,57
1:118.81,138.79,158.20,105.01,106.54,73.00,65.56,16.83,-0.09
0:0,25,112.00,55
1:118.58,138.78,158.30,104.94,106.48,73.08,65.60,16.79,-0.13
0:0,25,103.00,52
1:118.55,138.78,158.32,104.93,106.47,73.09,65.61,16.79,-0.14
0:0,25,142.00,121
1:118.47,138.78,158.35,104.90,106.45,73.12,65.62,16.77,-0.16
0:0,25,71.00,53
1:118.58,138.79,158.30,104.94,106.48,73.08,65.60,16.79,-0.13
0:0,25,110.00,56
1:118.35,138.78,158.40,104.87,106.42,73.16,65.64,16.75,-0.18
0:0,25,110.00,54
1:118.31,138.78,158.42,104.85,106.40,73.17,65.65,16.75,-0.19
0:0,25,110.00,53
1:118.27,138.78,158.43,104.84,106.39,73.18,65.65,16.74,-0.19
0:0,25,104.00,52
1:118.23,138.77,158.45,104.83,106.38,73.20,65.66,16.73,-0.20
0:0,26,105.00,54
1:118.17,138.77,158.48,104.81,106.36,73.22,65.67,16.72,-0.21
0:0,25,226.00,164
1:118.10,138.77,158.50,104.79,106.35,73.24,65.68,16.71,-0.23
0:0,25,115.00,56
1:118.61,138.79,158.29,104.95,106.49,73.07,65.60,16.80,-0.13
0:0,25,313.00,213
1:118.60,138.79,158.30,104.94,106.48,73.08,65.60,16.80,-0.13
0:0,25,73.00,57
1:119.50,138.81,157.91,105.23,106.74,72.77,65.45,16.95,0.04
0:0,25,175.00,110
1:119.29,138.81,158.00,105.16,106.68,72.85,65.49,16.91,0.00
0:0,25,121.00,57
1:119.54,138.82,157.89,105.25,106.75,72.76,65.44,16.96,0.05
0:0,25,68.00,58
1:119.55,138.82,157.89,105.25,106.75,72.76,65.44,16.96,0.05
0:0,25,199.00,188
1:119.31,138.81,157.99,105.17,106.68,72.84,65.48,16.92,0.01
0:0,25,67.00,52
1:119.68,138.82,157.84,105.29,106.79,72.72,65.42,16.98,0.08
0:0,25,62.00,49
1:119.44,138.81,157.94,105.21,106.72,72.80,65.46,16.94,0.03
0:0,25,319.00,56
1:119.18,138.80,158.05,105.13,106.65,72.88,65.50,16.89,-0.02
0:0,25,367.00,53
1:120.08,138.83,157.67,105.42,106.90,72.58,65.36,17.05,0.15
0:0,26,322.00,62
1:121.18,138.87,157.20,105.77,107.21,72.21,65.17,17.23,0.37
0:0,25,364.00,57
1:122.08,138.90,156.82,106.05,107.46,71.91,65.03,17.38,0.54
0:0,25,342.00,80
1:123.15,138.93,156.37,106.40,107.76,71.56,64.85,17.57,0.75
0:0,25,332.00,55
1:124.12,138.96,155.96,106.71,108.03,71.23,64.69,17.73,0.93
0:0,25,399.00,131
1:125.04,138.99,155.57,107.00,108.29,70.93,64.54,17.88,1.11
0:0,25,725.00,447
1:126.24,139.03,155.06,107.38,108.62,70.53,64.34,18.09,1.34
0:0,25,1294.00,1021
1:128.85,139.11,153.96,108.21,109.36,69.66,63.91,18.53,1.84
0:0,25,321.00,57
1:133.91,139.27,151.82,109.83,110.77,67.97,63.08,19.38,2.81
0:0,26,368.00,61
1:134.72,139.29,151.48,110.09,111.00,67.70,62.94,19.52,2.97
0:0,25,453.00,186
1:135.72,139.32,151.05,110.41,111.28,67.36,62.78,19.69,3.16
0:0,25,314.00,53
1:137.09,139.37,150.48,110.84,111.66,66.91,62.55,19.92,3.42
0:0,25,325.00,62
1:137.84,139.39,150.16,111.08,111.87,66.66,62.43,20.05,3.57
0:0,25,369.00,62
1:138.64,139.42,149.82,111.34,112.10,66.39,62.30,20.18,3.72
0:0,25,474.00,201
1:139.61,139.45,149.41,111.65,112.37,66.07,62.14,20.34,3.91
0:0,25,370.00,55
1:141.02,139.49,148.81,112.10,112.77,65.60,61.90,20.58,4.18
0:0,26,969.00,645
1:141.98,139.52,148.41,112.40,113.04,65.28,61.75,20.75,4.36
0:0,25,969.00,10371
1:145.44,139.63,146.95,113.51,114.00,64.12,61.18,21.33,5.03
0:0,25,313.00,49
1:148.87,139.74,145.50,114.60,114.96,62.98,60.61,21.91,5.69
0:0,25,369.00,49
1:149.55,139.76,145.21,114.82,115.16,62.75,60.50,22.02,5.82
0:0,25,382.00,103
1:150.46,139.79,144.82,115.11,115.41,62.45,60.35,22.18,5.99
0:0,25,370.00,52
1:151.41,139.82,144.42,115.41,115.68,62.13,60.19,22.34,6.18
0:0,25,332.00,48
1:152.30,139.85,144.04,115.70,115.93,61.83,60.05,22.49,6.35
0:0,25,325.00,56
1:153.04,139.87,143.73,115.93,116.13,61.59,59.92,22.61,6.49
0:0,25,325.00,4643
1:153.73,139.89,143.44,116.15,116.33,61.36,59.81,22.73,6.62
0:0,25,322.00,59
1:154.43,139.91,143.15,116.38,116.52,61.12,59.70,22.85,6.76
0:0,25,321.00,53
1:155.10,139.94,142.86,116.59,116.71,60.90,59.58,22.96,6.89
0:0,25,420.00,115
1:155.77,139.96,142.58,116.80,116.90,60.68,59.47,23.07,7.01
0:0,25,368.00,60
1:156.82,139.99,142.13,117.14,117.19,60.32,59.30,23.25,7.22
0:0,25,371.00,56
1:157.66,140.02,141.78,117.41,117.43,60.04,59.16,23.39,7.38
0:0,25,374.00,58
1:158.51,140.04,141.42,117.68,117.67,59.76,59.02,23.54,7.54
0:0,26,376.00,69
1:159.36,140.07,141.06,117.95,117.90,59.48,58.88,23.68,7.71
0:0,25,363.00,58
1:160.21,140.10,140.70,118.22,118.14,59.19,58.74,23.82,7.87
0:0,25,333.00,61
1:161.01,140.12,140.36,118.47,118.37,58.93,58.61,23.96,8.02
0:0,25,365.00,99
1:161.68,140.14,140.08,118.69,118.55,58.70,58.50,24.07,8.15
0:0,25,316.00,52
1:162.47,140.17,139.74,118.94,118.77,58.44,58.37,24.20,8.30
0:0,25,324.00,54
1:163.06,140.19,139.49,119.13,118.94,58.24,58.27,24.31,8.42
0:0,25,318.00,56
1:163.68,140.21,139.23,119.33,119.12,58.04,58.17,24.41,8.54
0:0,25,324.00,62
1:164.28,140.22,138.98,119.52,119.28,57.84,58.07,24.51,8.65
0:0,25,348.00,79
1:164.89,140.24,138.72,119.71,119.45,57.63,57.97,24.61,8.77
0:0,25,435.00,126
1:165.59,140.27,138.43,119.94,119.65,57.40,57.86,24.73,8.90
0:0,25,366.00,60
1:166.61,140.30,137.99,120.26,119.94,57.06,57.69,24.90,9.10
0:0,25,407.00,140
1:167.37,140.32,137.67,120.50,120.15,56.81,57.56,25.03,9.24
0:0,25,318.00,54
1:168.27,140.35,137.29,120.79,120.40,56.51,57.41,25.18,9.42
0:1,53,361.00,56
1:168.83,140.37,137.05,120.97,120.56,56.32,57.32,25.28,9.53
0:0,25,365.00,101
1:168.86,143.17,139.58,119.64,118.32,58.34,58.12,24.49,8.61
0:0,25,383.00,72
1:169.59,143.19,139.27,119.88,118.53,58.10,58.00,24.61,8.75
0:0,25,398.00,83
1:170.39,143.22,138.93,120.13,118.75,57.83,57.87,24.75,8.91
0:0,25,381.00,89
1:171.23,143.24,138.58,120.40,118.99,57.55,57.73,24.89,9.07
0:1,53,328.00,52
1:172.01,143.27,138.25,120.65,119.21,57.29,57.60,25.02,9.22
0:0,25,390.00,66
1:172.03,145.58,140.34,119.55,117.36,58.97,58.27,24.37,8.46
0:0,25,326.00,53
1:172.83,145.61,140.00,119.81,117.58,58.70,58.13,24.50,8.62
0:0,25,375.00,58
1:173.40,145.62,139.76,119.99,117.74,58.51,58.04,24.60,8.72
0:1,52,327.00,48
1:174.13,145.65,139.45,120.23,117.95,58.26,57.92,24.72,8.87
0:0,26,387.00,109
1:174.15,147.89,141.47,119.16,116.16,59.89,58.56,24.09,8.13
0:1,53,328.00,57
1:174.93,147.92,141.14,119.41,116.38,59.63,58.43,24.22,8.28
0:0,25,324.00,61
1:174.95,150.12,143.13,118.37,114.62,61.22,59.06,23.60,7.56
0:0,25,325.00,64
1:175.49,150.14,142.90,118.54,114.77,61.04,58.97,23.69,7.67
0:0,25,366.00,57
1:176.03,150.15,142.67,118.71,114.92,60.86,58.88,23.78,7.77
0:0,25,340.00,70
1:176.72,150.17,142.38,118.93,115.12,60.63,58.77,23.90,7.90
0:0,25,366.00,50
1:177.31,150.19,142.13,119.12,115.28,60.43,58.67,24.00,8.02
0:0,25,337.00,68
1:177.98,150.21,141.84,119.34,115.47,60.21,58.56,24.11,8.15
0:1,52,370.00,103
1:178.55,150.23,141.60,119.52,115.63,60.02,58.47,24.21,8.26
0:0,25,371.00,57
1:178.57,152.88,144.00,118.26,113.51,61.94,59.23,23.46,7.39
0:0,25,332.00,64
1:179.26,152.90,143.71,118.48,113.71,61.71,59.12,23.57,7.52
0:0,25,468.00,137
1:179.80,152.92,143.48,118.65,113.86,61.53,59.03,23.66,7.62
0:1,53,336.00,60
1:180.82,152.95,143.05,118.98,114.15,61.19,58.86,23.84,7.82
0:0,26,406.00,120
1:180.83,155.13,145.02,117.94,112.40,62.77,59.48,23.22,7.11
0:0,25,366.00,56
1:181.63,155.16,144.68,118.20,112.62,62.50,59.35,23.35,7.26
0:0,25,322.00,56
1:182.27,155.18,144.41,118.40,112.81,62.29,59.25,23.46,7.38
0:0,25,453.00,118
1:182.76,155.19,144.20,118.56,112.94,62.12,59.16,23.54,7.48
0:1,53,375.00,59
1:183.70,155.22,143.80,118.86,113.21,61.81,59.01,23.70,7.66
0:0,25,359.00,74
1:183.72,157.81,146.14,117.63,111.14,63.68,59.75,22.97,6.81
0:0,25,404.00,126
1:184.33,157.83,145.88,117.83,111.31,63.48,59.65,23.07,6.93
0:0,25,397.00,113
1:185.09,157.85,145.56,118.07,111.53,63.22,59.52,23.20,7.08
0:0,25,454.00,119
1:185.82,157.87,145.25,118.30,111.73,62.98,59.40,23.33,7.22
0:1,52,312.00,47
1:186.74,157.90,144.85,118.60,111.99,62.67,59.25,23.48,7.39
0:1,53,386.00,109
1:186.76,159.69,146.48,117.75,110.56,63.97,59.77,22.98,6.81
0:0,25,371.00,64
1:186.78,162.30,148.83,116.51,108.48,65.86,60.51,22.24,5.95
0:0,26,364.00,57
1:187.41,162.32,148.56,116.71,108.66,65.64,60.41,22.35,6.08
0:0,25,403.00,89
1:188.01,162.34,148.30,116.91,108.83,65.44,60.31,22.45,6.19
0:0,25,324.00,63
1:188.74,162.36,147.99,117.14,109.03,65.20,60.19,22.57,6.33
0:0,25,327.00,60
1:189.20,162.37,147.80,117.29,109.16,65.04,60.11,22.65,6.42
0:0,25,325.00,57
1:189.67,162.38,147.60,117.44,109.29,64.89,60.03,22.73,6.51
0:0,25,336.00,54
1:190.12,162.40,147.41,117.58,109.42,64.73,59.96,22.81,6.60
0:1,52,326.00,58
1:190.61,162.41,147.20,117.74,109.56,64.57,59.88,22.89,6.70
0:0,26,315.00,50
1:190.63,164.27,148.88,116.86,108.07,65.92,60.41,22.36,6.09
0:1,52,326.00,59
1:191.04,164.29,148.70,116.99,108.19,65.78,60.34,22.43,6.17
0:0,25,345.00,69
1:191.06,166.11,150.35,116.13,106.74,67.10,60.86,21.92,5.57
0:0,26,425.00,120
1:191.57,166.12,150.13,116.29,106.88,66.92,60.78,22.01,5.67
0:1,52,320.00,58
1:192.34,166.14,149.80,116.54,107.10,66.66,60.65,22.14,5.82
0:0,25,320.00,10870
1:192.36,167.86,151.35,115.73,105.73,67.90,61.14,21.65,5.26
0:0,25,647.00,332
1:192.78,167.87,151.16,115.86,105.85,67.76,61.07,21.72,5.34
0:0,25,647.00,4161
1:194.28,167.91,150.53,116.34,106.28,67.26,60.82,21.98,5.63
0:1,53,332.00,51
1:195.77,167.95,149.89,116.82,106.70,66.76,60.57,22.23,5.92
0:0,25,546.00,225
1:195.78,169.76,151.52,115.96,105.26,68.06,61.09,21.72,5.33
0:0,25,384.00,71
1:196.93,169.79,151.03,116.33,105.58,67.68,60.90,21.92,5.55
0:0,25,330.00,55
1:197.54,169.81,150.77,116.53,105.76,67.47,60.80,22.02,5.67
0:1,53,333.00,57
1:197.97,169.82,150.59,116.67,105.88,67.33,60.73,22.09,5.75
0:3,107,403.00,20
1:197.99,171.60,152.19,115.82,104.46,68.61,61.24,21.59,5.17
0:0,25,364.00,53
1:198.18,170.62,163.49,213.65,168.59,105.50,41.46,23.60,7.88
0:1,53,1952.00,1684
1:198.72,170.63,163.25,213.76,168.71,105.29,41.38,23.69,7.98
0:0,25,360.00,55
1:198.88,189.81,180.94,207.76,155.42,120.36,46.25,18.32,1.79
0:0,25,319.00,53
1:199.40,189.82,180.71,207.87,155.53,120.16,46.17,18.41,1.89
0:0,25,335.00,58
1:199.79,189.83,180.54,207.95,155.61,120.02,46.12,18.47,1.96
0:0,25,368.00,60
1:200.22,189.84,180.35,208.05,155.70,119.85,46.06,18.55,2.05
0:0,25,398.00,135
1:200.76,189.86,180.12,208.16,155.81,119.65,45.98,18.64,2.15
0:0,25,378.00,60
1:201.39,189.87,179.84,208.29,155.95,119.41,45.89,18.74,2.27
0:0,25,332.00,66
1:201.95,189.89,179.59,208.41,156.07,119.20,45.81,18.84,2.38
0:0,25,323.00,58
1:202.36,189.90,179.41,208.50,156.16,119.04,45.75,18.91,2.45
0:0,26,607.00,301
1:202.74,189.91,179.24,208.58,156.24,118.90,45.69,18.97,2.53
0:0,25,575.00,294
1:204.02,189.95,178.68,208.85,156.51,118.41,45.51,19.18,2.77
0:0,25,829.00,522
1:205.18,189.98,178.17,209.10,156.76,117.97,45.34,19.38,2.99
0:6,187,277.00,15
1:207.14,190.03,177.31,209.51,157.17,117.23,45.06,19.71,3.37
0:0,25,323.00,61
1:207.07,190.43,174.21,199.55,172.38,164.96,132.30,40.05,24.60
0:0,25,481.00,173
1:207.43,190.44,174.05,199.62,172.46,164.83,132.27,40.11,24.67
0:0,25,320.00,56
1:208.28,190.46,173.67,199.80,172.65,164.53,132.19,40.27,24.85
0:0,25,367.00,61
1:208.63,190.47,173.52,199.87,172.73,164.41,132.16,40.33,24.92
0:0,25,471.00,162
1:209.12,190.48,173.30,199.97,172.83,164.24,132.12,40.42,25.02
0:0,25,361.00,56
1:209.93,190.51,172.95,200.14,173.01,163.96,132.04,40.56,25.18
0:0,25,458.00,183
1:210.39,190.52,172.74,200.23,173.12,163.80,132.00,40.65,25.28
0:0,25,325.00,56
1:211.15,190.54,172.40,200.39,173.28,163.53,131.93,40.78,25.43
0:0,25,325.00,46405
1:211.50,190.55,172.25,200.46,173.36,163.41,131.90,40.85,25.50
0:0,25,461.00,181
1:211.85,190.56,172.10,200.53,173.44,163.29,131.87,40.91,25.57
0:0,25,461.00,4387
1:212.60,190.58,171.76,200.69,173.61,163.03,131.80,41.05,25.73
0:0,25,318.00,55
1:213.35,190.60,171.43,200.84,173.77,162.76,131.74,41.18,25.88
0:0,25,335.00,48
1:213.67,190.61,171.29,200.91,173.84,162.65,131.71,41.24,25.95
0:0,25,439.00,109
1:214.03,190.62,171.13,200.98,173.92,162.53,131.67,41.31,26.02
0:0,25,368.00,62
1:214.71,190.64,170.83,201.12,174.07,162.29,131.61,41.43,26.16
0:0,25,1882.00,1597
1:215.17,190.65,170.63,201.21,174.18,162.13,131.57,41.51,26.25
0:1,53,368.00,57
1:220.14,190.79,168.43,202.24,175.28,160.40,131.13,42.41,27.27
0:0,25,570.00,241
1:220.15,192.68,170.18,201.67,173.94,161.78,131.43,41.84,26.61
0:1,53,396.00,72
1:221.19,192.71,169.72,201.88,174.17,161.42,131.33,42.03,26.83
0:0,25,367.00,58
1:221.21,194.85,171.70,201.23,172.65,162.99,131.67,41.38,26.08
0:0,25,481.00,174
1:221.64,194.86,171.51,201.32,172.75,162.84,131.63,41.46,26.17
0:0,25,744.00,345
1:222.41,194.88,171.17,201.48,172.92,162.57,131.56,41.60,26.33
0:1,53,325.00,62
1:223.95,194.92,170.49,201.80,173.26,162.03,131.42,41.87,26.64
0:0,25,363.00,58
1:223.96,196.28,171.75,201.39,172.29,163.03,131.64,41.46,26.17
0:1,52,386.00,71
1:224.37,196.29,171.57,201.47,172.39,162.88,131.60,41.54,26.26
0:0,25,372.00,92
1:224.38,198.24,173.38,200.88,171.00,164.32,131.91,40.95,25.58
0:0,25,407.00,122
1:224.81,198.26,173.19,200.97,171.09,164.17,131.87,41.03,25.67
0:1,53,400.00,94
1:225.35,198.27,172.95,201.08,171.21,163.98,131.83,41.12,25.78
0:0,26,320.00,56
1:225.36,200.33,174.86,200.46,169.75,165.50,132.15,40.50,25.06
0:0,25,322.00,57
1:225.64,200.34,174.74,200.51,169.81,165.40,132.13,40.55,25.12
0:0,25,328.00,58
1:225.92,200.34,174.62,200.57,169.87,165.30,132.10,40.60,25.18
0:0,25,319.00,54
1:226.21,200.35,174.48,200.63,169.94,165.20,132.08,40.65,25.24
0:0,25,372.00,63
1:226.48,200.36,174.37,200.69,170.00,165.10,132.05,40.70,25.29
0:0,25,389.00,123
1:226.90,200.37,174.18,200.77,170.09,164.96,132.01,40.78,25.38
0:0,25,317.00,54
1:227.36,200.38,173.97,200.87,170.19,164.79,131.97,40.86,25.47
0:0,25,322.00,56
1:227.62,200.39,173.86,200.92,170.25,164.70,131.95,40.91,25.53
0:0,25,315.00,52
1:227.89,200.40,173.74,200.98,170.31,164.61,131.93,40.96,25.58
0:0,25,380.00,62
1:228.14,200.40,173.63,201.03,170.37,164.52,131.90,41.00,25.63
0:1,53,407.00,99
1:228.57,200.41,173.44,201.12,170.46,164.37,131.86,41.08,25.72
0:0,25,399.00,95
1:228.58,202.50,175.37,200.49,168.98,165.91,132.20,40.45,25.00
0:0,25,405.00,98
1:229.07,202.51,175.16,200.59,169.09,165.74,132.15,40.54,25.09
0:0,25,355.00,86
1:229.56,202.53,174.94,200.69,169.20,165.56,132.11,40.63,25.20
0:0,25,320.00,58
1:229.92,202.54,174.78,200.76,169.28,165.44,132.08,40.69,25.27
0:0,25,322.00,56
1:230.17,202.54,174.67,200.81,169.33,165.35,132.05,40.74,25.32
0:0,25,429.00,94
1:230.43,202.55,174.56,200.87,169.39,165.26,132.03,40.78,25.37
0:2,81,322.00,58
1:230.98,202.56,174.31,200.98,169.51,165.07,131.98,40.88,25.49
0:0,25,377.00,98
1:230.82,203.76,194.60,205.91,191.76,146.93,130.26,41.64,26.65
0:0,25,433.00,125
1:231.23,203.77,194.44,206.00,191.88,146.76,130.22,41.71,26.73
0:1,53,322.00,59
1:231.79,203.78,194.23,206.12,192.04,146.53,130.17,41.81,26.85
0:0,26,321.00,53
1:231.80,204.96,195.18,205.73,191.03,147.54,130.37,41.45,26.43
0:7,216,570.00,0
1:232.05,204.97,195.08,205.78,191.10,147.44,130.35,41.49,26.48
0:8,241,570.00,0
1:232.26,203.66,197.26,211.20,209.47,167.18,167.76,143.99,-22.43
0:8,241,570.00,0
1:232.26,203.66,197.26,211.20,209.47,167.18,167.76,143.99,-22.43
0:8,241,570.00,0
1:232.26,203.66,197.26,211.20,209.47,167.18,167.76,143.99,-22.43
0:8,241,570.00,0
1:232.26,203.66,197.26,211.20,209.47,167.18,167.76,143.99,-22.43
0:8,241,570.00,0
1:232.26,203.66,197.26,211.20,209.47,167.18,167.76,143.99,-22.43
0:8,241,570.00,0
1:232.26,203.66,197.26,211.20,209.47,167.18,167.76,143.99,-22.43
0:8,241,570.00,0
1:232.26,203.66,197.26,211.20,209.47,167.18,167.76,143.99,-22.43
0:8,241,570.00,0
1:232.26,203.66,197.26,211.20,209.47,167.18,167.76,143.99,-22.43
0:8,241,570.00,0
1:232.26,203.66,197.26,211.20,209.47,167.18,167.76,143.99,-22.43
0:8,241,570.00,0
1:232.26,203.66,197.26,211.20,209.47,167.18,167.76,143.99,-22.43
0:8,241,570.00,0
1:232.26,203.66,197.26,211.20,209.47,167.18,167.76,143.99,-22.43
0:8,241,570.00,0
1:232.26,203.66,197.26,211.20,209.47,167.18,167.76,143.99,-22.43
0:8,241,570.00,0
1:232.26,203.66,197.26,211.20,209.47,167.18,167.76,143.99,-22.43
0:8,241,570.00,0
1:232.26,203.66,197.26,211.20,209.47,167.18,167.76,143.99,-22.43
0:8,241,570.00,0
1:232.26,203.66,197.26,211.20,209.47,167.18,167.76,143.99,-22.43
0:8,241,570.00,0
1:232.26,203.66,197.26,211.20,209.47,167.18,167.76,143.99,-22.43
0:8,241,570.00,0
1:232.26,203.66,197.26,211.20,209.47,167.18,167.76,143.99,-22.43
0:8,241,570.00,0
1:232.26,203.66,197.26,211.20,209.47,167.18,167.76,143.99,-22.43
0:8,241,570.00,0
1:232.26,203.66,197.26,211.20,209.47,167.18,167.76,143.99,-22.43
0:8,241,570.00,0
1:232.26,203.66,197.26,211.20,209.47,167.18,167.76,143.99,-22.43
0:8,241,570.00,0
1:232.26,203.66,197.26,211.20,209.47,167.18,167.76,143.99,-22.43
0:8,241,570.00,0
1:232.26,203.66,197.26,211.20,209.47,167.18,167.76,143.99,-22.43
0:8,241,570.00,0
1:232.26,203.66,197.26,211.20,209.47,167.18,167.76,143.99,-22.43
0:8,241,570.00,0
1:232.26,203.66,197.26,211.20,209.47,167.18,167.76,143.99,-22.43
0:8,241,570.00,0
1:232.26,203.66,197.26,211.20,209.47,167.18,167.76,143.99,-22.43
0:8,241,570.00,0
1:232.26,203.66,197.26,211.20,209.47,167.18,167.76,143.99,-22.43
0:8,241,570.00,0
1:232.26,203.66,197.26,211.20,209.47,167.18,167.76,143.99,-22.43
0:8,241,570.00,0
1:232.26,203.66,197.26,211.20,209.47,167.18,167.76,143.99,-22.43
0:8,241,570.00,0
1:232.26,203.66,197.26,211.20,209.47,167.18,167.76,143.99,-22.43
0:8,241,570.00,0
1:232.26,203.66,197.26,211.20,209.47,167.18,167.76,143.99,-22.43
0:8,241,570.00,0
1:232.26,203.66,197.26,211.20,209.47,167.18,167.76,143.99,-22.43
0:8,241,570.00,0
1:232.26,203.66,197.26,211.20,209.47,167.18,167.76,143.99,-22.43
0:2,81,391.00,77
1:232.26,203.66,197.26,211.20,209.47,167.18,167.76,143.99,-22.43
0:8,242,391.00,77
1:232.08,205.02,220.65,216.88,235.11,146.21,165.71,144.69,-21.00
0:8,241,391.00,77
1:232.08,205.02,220.65,216.88,235.11,146.21,165.71,144.69,-21.00
0:8,241,391.00,77
1:232.08,205.02,220.65,216.88,235.11,146.21,165.71,144.69,-21.00
0:8,241,391.00,77
1:232.08,205.02,220.65,216.88,235.11,146.21,165.71,144.69,-21.00
0:8,241,391.00,77
1:232.08,205.02,220.65,216.88,235.11,146.21,165.71,144.69,-21.00
0:8,241,391.00,77
1:232.08,205.02,220.65,216.88,235.11,146.21,165.71,144.69,-21.00
0:8,241,391.00,77
1:232.08,205.02,220.65,216.88,235.11,146.21,165.71,144.69,-21.00
0:8,241,391.00,77
1:232.08,205.02,220.65,216.88,235.11,146.21,165.71,144.69,-21.00
0:8,241,391.00,77
1:232.08,205.02,220.65,216.88,235.11,146.21,165.71,144.69,-21.00
0:8,241,391.00,77
1:232.08,205.02,220.65,216.88,235.11,146.21,165.71,144.69,-21.00
0:8,241,391.00,77
1:232.08,205.02,220.65,216.88,235.11,146.21,165.71,144.69,-21.00
0:8,241,391.00,77
1:232.08,205.02,220.65,216.88,235.11,146.21,165.71,144.69,-21.00
0:8,241,391.00,77
1:232.08,205.02,220.65,216.88,235.11,146.21,165.71,144.69,-21.00
0:8,241,391.00,77
1:232.08,205.02,220.65,216.88,235.11,146.21,165.71,144.69,-21.00
0:8,241,391.00,77
1:232.08,205.02,220.65,216.88,235.11,146.21,165.71,144.69,-21.00
0:8,241,391.00,77
1:232.08,205.02,220.65,216.88,235.11,146.21,165.71,144.69,-21.00
0:8,241,391.00,77
1:232.08,205.02,220.65,216.88,235.11,146.21,165.71,144.69,-21.00
0:8,241,391.00,77
1:232.08,205.02,220.65,216.88,235.11,146.21,165.71,144.69,-21.00
0:8,241,391.00,77
1:232.08,205.02,220.65,216.88,235.11,146.21,165.71,144.69,-21.00
0:8,241,391.00,77
1:232.08,205.02,220.65,216.88,235.11,146.21,165.71,144.69,-21.00
0:8,241,391.00,77
1:232.08,205.02,220.65,216.88,235.11,146.21,165.71,144.69,-21.00
0:8,241,391.00,77
1:232.08,205.02,220.65,216.88,235.11,146.21,165.71,144.69,-21.00
0:8,241,391.00,77
1:232.08,205.02,220.65,216.88,235.11,146.21,165.71,144.69,-21.00
0:8,241,391.00,77
1:232.08,205.02,220.65,216.88,235.11,146.21,165.71,144.69,-21.00
0:8,241,391.00,77
1:232.08,205.02,220.65,216.88,235.11,146.21,165.71,144.69,-21.00
0:8,241,391.00,77
1:232.08,205.02,220.65,216.88,235.11,146.21,165.71,144.69,-21.00
0:8,241,391.00,77
1:232.08,205.02,220.65,216.88,235.11,146.21,165.71,144.69,-21.00
0:8,241,391.00,77
1:232.08,205.02,220.65,216.88,235.11,146.21,165.71,144.69,-21.00
0:8,241,391.00,77
1:232.08,205.02,220.65,216.88,235.11,146.21,165.71,144.69,-21.00
0:8,241,391.00,77
1:232.08,205.02,220.65,216.88,235.11,146.21,165.71,144.69,-21.00
0:8,241,391.00,77
1:232.08,205.02,220.65,216.88,235.11,146.21,165.71,144.69,-21.00
0:8,241,391.00,77
1:232.08,205.02,220.65,216.88,235.11,146.21,165.71,144.69,-21.00
0:8,241,391.00,77
1:232.08,205.02,220.65,216.88,235.11,146.21,165.71,144.69,-21.00
0:8,241,391.00,77
1:232.08,205.02,220.65,216.88,235.11,146.21,165.71,144.69,-21.00
0:8,241,391.00,77
1:232.08,205.02,220.65,216.88,235.11,146.21,165.71,144.69,-21.00
0:8,241,391.00,77
1:232.08,205.02,220.65,216.88,235.11,146.21,165.71,144.69,-21.00
0:8,241,391.00,77
1:232.08,205.02,220.65,216.88,235.11,146.21,165.71,144.69,-21.00
0:8,241,391.00,77
1:232.08,205.02,220.65,216.88,235.11,146.21,165.71,144.69,-21.00
0:8,241,391.00,77
1:232.08,205.02,220.65,216.88,235.11,146.21,165.71,144.69,-21.00
0:8,241,391.00,77
1:232.08,205.02,220.65,216.88,235.11,146.21,165.71,144.69,-21.00
0:8,241,391.00,77
1:232.08,205.02,220.65,216.88,235.11,146.21,165.71,144.69,-21.00
0:8,241,391.00,77
1:232.08,205.02,220.65,216.88,235.11,146.21,165.71,144.69,-21.00
0:8,241,391.00,77
1:232.08,205.02,220.65,216.88,235.11,146.21,165.71,144.69,-21.00
0:8,241,391.00,77
1:232.08,205.02,220.65,216.88,235.11,146.21,165.71,144.69,-21.00
0:8,241,391.00,77
1:232.08,205.02,220.65,216.88,235.11,146.21,165.71,144.69,-21.00
0:8,241,391.00,77
1:232.08,205.02,220.65,216.88,235.11,146.21,165.71,144.69,-21.00
0:8,241,391.00,77
1:232.08,205.02,220.65,216.88,235.11,146.21,165.71,144.69,-21.00
0:8,241,391.00,77
1:232.08,205.02,220.65,216.88,235.11,146.21,165.71,144.69,-21.00
0:8,241,391.00,77
1:232.08,205.02,220.65,216.88,235.11,146.21,165.71,144.69,-21.00
0:6,187,336.00,10
1:232.08,205.02,220.65,216.88,235.11,146.21,165.71,144.69,-21.00
0:8,241,336.00,10
1:232.04,205.27,219.34,211.54,243.34,171.00,211.67,153.49,-8.58
0:8,241,336.00,10
1:232.04,205.27,219.34,211.54,243.34,171.00,211.67,153.49,-8.58
0:8,241,336.00,10
1:232.04,205.27,219.34,211.54,243.34,171.00,211.67,153.49,-8.58
0:8,241,336.00,10
1:232.04,205.27,219.34,211.54,243.34,171.00,211.67,153.49,-8.58
0:8,241,336.00,10
1:232.04,205.27,219.34,211.54,243.34,171.00,211.67,153.49,-8.58
0:8,241,336.00,10
1:232.04,205.27,219.34,211.54,243.34,171.00,211.67,153.49,-8.58
0:8,241,336.00,10
1:232.04,205.27,219.34,211.54,243.34,171.00,211.67,153.49,-8.58
0:8,241,336.00,10
1:232.04,205.27,219.34,211.54,243.34,171.00,211.67,153.49,-8.58
0:8,241,336.00,10
1:232.04,205.27,219.34,211.54,243.34,171.00,211.67,153.49,-8.58
0:8,241,336.00,10
1:232.04,205.27,219.34,211.54,243.34,171.00,211.67,153.49,-8.58
0:8,241,336.00,10
1:232.04,205.27,219.34,211.54,243.34,171.00,211.67,153.49,-8.58
0:8,241,336.00,10
1:232.04,205.27,219.34,211.54,243.34,171.00,211.67,153.49,-8.58
0:8,241,336.00,10
1:232.04,205.27,219.34,211.54,243.34,171.00,211.67,153.49,-8.58
0:8,241,336.00,10
1:232.04,205.27,219.34,211.54,243.34,171.00,211.67,153.49,-8.58
0:8,241,336.00,10
1:232.04,205.27,219.34,211.54,243.34,171.00,211.67,153.49,-8.58
0:8,241,336.00,10
1:232.04,205.27,219.34,211.54,243.34,171.00,211.67,153.49,-8.58
0:8,241,336.00,10
1:232.04,205.27,219.34,211.54,243.34,171.00,211.67,153.49,-8.58
0:8,241,336.00,10
1:232.04,205.27,219.34,211.54,243.34,171.00,211.67,153.49,-8.58
0:8,241,336.00,10
1:232.04,205.27,219.34,211.54,243.34,171.00,211.67,153.49,-8.58
0:8,241,336.00,10
1:232.04,205.27,219.34,211.54,243.34,171.00,211.67,153.49,-8.58
0:8,241,336.00,10
1:232.04,205.27,219.34,211.54,243.34,171.00,211.67,153.49,-8.58
0:8,241,336.00,10
1:232.04,205.27,219.34,211.54,243.34,171.00,211.67,153.49,-8.58
0:8,241,336.00,10
1:232.04,205.27,219.34,211.54,243.34,171.00,211.67,153.49,-8.58
0:8,241,336.00,10
1:232.04,205.27,219.34,211.54,243.34,171.00,211.67,153.49,-8.58
0:8,241,336.00,10
1:232.04,205.27,219.34,211.54,243.34,171.00,211.67,153.49,-8.58
0:8,241,336.00,10
1:232.04,205.27,219.34,211.54,243.34,171.00,211.67,153.49,-8.58
0:8,241,336.00,10
1:232.04,205.27,219.34,211.54,243.34,171.00,211.67,153.49,-8.58
0:8,241,336.00,10
1:232.04,205.27,219.34,211.54,243.34,171.00,211.67,153.49,-8.58
0:8,241,336.00,10
1:232.04,205.27,219.34,211.54,243.34,171.00,211.67,153.49,-8.58
0:8,241,336.00,10
1:232.04,205.27,219.34,211.54,243.34,171.00,211.67,153.49,-8.58
0:8,241,336.00,10
1:232.04,205.27,219.34,211.54,243.34,171.00,211.67,153.49,-8.58
0:8,242,336.00,10
1:232.04,205.27,219.34,211.54,243.34,171.00,211.67,153.49,-8.58
0:8,241,336.00,10
1:232.04,205.27,219.34,211.54,243.34,171.00,211.67,153.49,-8.58
0:8,241,336.00,10
1:232.04,205.27,219.34,211.54,243.34,171.00,211.67,153.49,-8.58
0:8,242,336.00,10
1:232.04,205.27,219.34,211.54,243.34,171.00,211.67,153.49,-8.58
0:8,242,336.00,10
1:232.04,205.27,219.34,211.54,243.34,171.00,211.67,153.49,-8.58
0:8,242,336.00,10
1:232.04,205.27,219.34,211.54,243.34,171.00,211.67,153.49,-8.58
0:8,241,336.00,10
1:232.04,205.27,219.34,211.54,243.34,171.00,211.67,153.49,-8.58
0:8,242,336.00,10
1:232.04,205.27,219.34,211.54,243.34,171.00,211.67,153.49,-8.58
0:8,241,336.00,10
1:232.04,205.27,219.34,211.54,243.34,171.00,211.67,153.49,-8.58
0:8,242,336.00,10
1:232.04,205.27,219.34,211.54,243.34,171.00,211.67,153.49,-8.58
0:8,242,336.00,10
1:232.04,205.27,219.34,211.54,243.34,171.00,211.67,153.49,-8.58
0:8,242,336.00,10
1:232.04,205.27,219.34,211.54,243.34,171.00,211.67,153.49,-8.58
0:8,242,336.00,10
1:232.04,205.27,219.34,211.54,243.34,171.00,211.67,153.49,-8.58
0:8,242,336.00,10
1:232.04,205.27,219.34,211.54,243.34,171.00,211.67,153.49,-8.58
0:8,242,336.00,10
1:232.04,205.27,219.34,211.54,243.34,171.00,211.67,153.49,-8.58
0:8,242,336.00,10
1:232.04,205.27,219.34,211.54,243.34,171.00,211.67,153.49,-8.58
0:8,242,336.00,10
1:232.04,205.27,219.34,211.54,243.34,171.00,211.67,153.49,-8.58
0:8,242,336.00,10
1:232.04,205.27,219.34,211.54,243.34,171.00,211.67,153.49,-8.58
0:4,134,479.00,19
1:232.04,205.27,219.34,211.54,243.34,171.00,211.67,153.49,-8.58
0:8,241,479.00,19
1:232.21,203.54,243.45,251.29,297.49,171.12,220.44,159.08,0.05
0:8,241,479.00,19
1:232.21,203.54,243.45,251.29,297.49,171.12,220.44,159.08,0.05
0:8,242,479.00,19
1:232.21,203.54,243.45,251.29,297.49,171.12,220.44,159.08,0.05
0:8,242,479.00,19
1:232.21,203.54,243.45,251.29,297.49,171.12,220.44,159.08,0.05
0:8,242,479.00,19
1:232.21,203.54,243.45,251.29,297.49,171.12,220.44,159.08,0.05
0:8,242,479.00,19
1:232.21,203.54,243.45,251.29,297.49,171.12,220.44,159.08,0.05
0:8,241,479.00,19
1:232.21,203.54,243.45,251.29,297.49,171.12,220.44,159.08,0.05
0:8,242,479.00,19
1:232.21,203.54,243.45,251.29,297.49,171.12,220.44,159.08,0.05
0:8,242,479.00,19
1:232.21,203.54,243.45,251.29,297.49,171.12,220.44,159.08,0.05
0:8,242,479.00,19
1:232.21,203.54,243.45,251.29,297.49,171.12,220.44,159.08,0.05
0:8,241,479.00,19
1:232.21,203.54,243.45,251.29,297.49,171.12,220.44,159.08,0.05
0:8,241,479.00,19
1:232.21,203.54,243.45,251.29,297.49,171.12,220.44,159.08,0.05
0:8,241,479.00,19
1:232.21,203.54,243.45,251.29,297.49,171.12,220.44,159.08,0.05
0:8,241,479.00,19
1:232.21,203.54,243.45,251.29,297.49,171.12,220.44,159.08,0.05
0:8,241,479.00,19
1:232.21,203.54,243.45,251.29,297.49,171.12,220.44,159.08,0.05
0:8,241,479.00,19
1:232.21,203.54,243.45,251.29,297.49,171.12,220.44,159.08,0.05
0:8,241,479.00,19
1:232.21,203.54,243.45,251.29,297.49,171.12,220.44,159.08,0.05
0:8,241,479.00,19
1:232.21,203.54,243.45,251.29,297.49,171.12,220.44,159.08,0.05
0:8,241,479.00,19
1:232.21,203.54,243.45,251.29,297.49,171.12,220.44,159.08,0.05
0:8,241,479.00,19
1:232.21,203.54,243.45,251.29,297.49,171.12,220.44,159.08,0.05
0:8,241,479.00,19
1:232.21,203.54,243.45,251.29,297.49,171.12,220.44,159.08,0.05
0:8,241,479.00,19
1:232.21,203.54,243.45,251.29,297.49,171.12,220.44,159.08,0.05
0:8,241,479.00,19
1:232.21,203.54,243.45,251.29,297.49,171.12,220.44,159.08,0.05
0:8,241,479.00,19
1:232.21,203.54,243.45,251.29,297.49,171.12,220.44,159.08,0.05
0:8,241,479.00,19
1:232.21,203.54,243.45,251.29,297.49,171.12,220.44,159.08,0.05
0:8,241,479.00,19
1:232.21,203.54,243.45,251.29,297.49,171.12,220.44,159.08,0.05
0:8,241,479.00,19
1:232.21,203.54,243.45,251.29,297.49,171.12,220.44,159.08,0.05
0:8,241,479.00,19
1:232.21,203.54,243.45,251.29,297.49,171.12,220.44,159.08,0.05
0:8,241,479.00,19
1:232.21,203.54,243.45,251.29,297.49,171.12,220.44,159.08,0.05
0:8,241,479.00,19
1:232.21,203.54,243.45,251.29,297.49,171.12,220.44,159.08,0.05
0:8,241,479.00,19
1:232.21,203.54,243.45,251.29,297.49,171.12,220.44,159.08,0.05
0:8,241,479.00,19
1:232.21,203.54,243.45,251.29,297.49,171.12,220.44,159.08,0.05
0:8,241,479.00,19
1:232.21,203.54,243.45,251.29,297.49,171.12,220.44,159.08,0.05
0:8,241,479.00,19
1:232.21,203.54,243.45,251.29,297.49,171.12,220.44,159.08,0.05
0:8,241,479.00,19
1:232.21,203.54,243.45,251.29,297.49,171.12,220.44,159.08,0.05
0:8,241,479.00,19
1:232.21,203.54,243.45,251.29,297.49,171.12,220.44,159.08,0.05
0:8,241,479.00,19
1:232.21,203.54,243.45,251.29,297.49,171.12,220.44,159.08,0.05
0:8,241,479.00,19
1:232.21,203.54,243.45,251.29,297.49,171.12,220.44,159.08,0.05
0:8,241,479.00,19
1:232.21,203.54,243.45,251.29,297.49,171.12,220.44,159.08,0.05
0:8,241,479.00,19
1:232.21,203.54,243.45,251.29,297.49,171.12,220.44,159.08,0.05
0:8,241,479.00,19
1:232.21,203.54,243.45,251.29,297.49,171.12,220.44,159.08,0.05
0:8,241,479.00,19
1:232.21,203.54,243.45,251.29,297.49,171.12,220.44,159.08,0.05
0:8,241,479.00,19
1:232.21,203.54,243.45,251.29,297.49,171.12,220.44,159.08,0.05
0:8,241,479.00,19
1:232.21,203.54,243.45,251.29,297.49,171.12,220.44,159.08,0.05
0:8,241,479.00,19
1:232.21,203.54,243.45,251.29,297.49,171.12,220.44,159.08,0.05
0:8,241,479.00,19
1:232.21,203.54,243.45,251.29,297.49,171.12,220.44,159.08,0.05
0:8,241,479.00,19
1:232.21,203.54,243.45,251.29,297.49,171.12,220.44,159.08,0.05
0:8,241,479.00,19
1:232.21,203.54,243.45,251.29,297.49,171.12,220.44,159.08,0.05
0:8,241,479.00,19
1:232.21,203.54,243.45,251.29,297.49,171.12,220.44,159.08,0.05
0:1,52,336.00,58
1:232.21,203.54,243.45,251.29,297.49,171.12,220.44,159.08,0.05
0:8,241,336.00,58
1:232.23,204.82,244.50,251.05,296.52,172.32,220.68,158.77,-0.44
0:8,241,336.00,58
1:232.23,204.82,244.50,251.05,296.52,172.32,220.68,158.77,-0.44
0:8,241,336.00,58
1:232.23,204.82,244.50,251.05,296.52,172.32,220.68,158.77,-0.44
0:8,241,336.00,58
1:232.23,204.82,244.50,251.05,296.52,172.32,220.68,158.77,-0.44
0:8,241,336.00,58
1:232.23,204.82,244.50,251.05,296.52,172.32,220.68,158.77,-0.44
0:8,241,336.00,58
1:232.23,204.82,244.50,251.05,296.52,172.32,220.68,158.77,-0.44
0:8,241,336.00,58
1:232.23,204.82,244.50,251.05,296.52,172.32,220.68,158.77,-0.44
0:8,241,336.00,58
1:232.23,204.82,244.50,251.05,296.52,172.32,220.68,158.77,-0.44
0:8,241,336.00,58
1:232.23,204.82,244.50,251.05,296.52,172.32,220.68,158.77,-0.44
0:8,241,336.00,58
1:232.23,204.82,244.50,251.05,296.52,172.32,220.68,158.77,-0.44
0:8,241,336.00,58
1:232.23,204.82,244.50,251.05,296.52,172.32,220.68,158.77,-0.44
0:8,241,336.00,58
1:232.23,204.82,244.50,251.05,296.52,172.32,220.68,158.77,-0.44
0:8,241,336.00,58
1:232.23,204.82,244.50,251.05,296.52,172.32,220.68,158.77,-0.44
0:8,241,336.00,58
1:232.23,204.82,244.50,251.05,296.52,172.32,220.68,158.77,-0.44
0:8,241,336.00,58
1:232.23,204.82,244.50,251.05,296.52,172.32,220.68,158.77,-0.44
0:8,241,336.00,58
1:232.23,204.82,244.50,251.05,296.52,172.32,220.68,158.77,-0.44
0:8,241,336.00,58
1:232.23,204.82,244.50,251.05,296.52,172.32,220.68,158.77,-0.44
0:8,241,336.00,58
1:232.23,204.82,244.50,251.05,296.52,172.32,220.68,158.77,-0.44
0:8,241,336.00,58
1:232.23,204.82,244.50,251.05,296.52,172.32,220.68,158.77,-0.44
0:8,241,336.00,58
1:232.23,204.82,244.50,251.05,296.52,172.32,220.68,158.77,-0.44
0:8,241,336.00,58
1:232.23,204.82,244.50,251.05,296.52,172.32,220.68,158.77,-0.44
0:8,241,336.00,58
1:232.23,204.82,244.50,251.05,296.52,172.32,220.68,158.77,-0.44
0:8,241,336.00,58
1:232.23,204.82,244.50,251.05,296.52,172.32,220.68,158.77,-0.44
0:8,241,336.00,58
1:232.23,204.82,244.50,251.05,296.52,172.32,220.68,158.77,-0.44
0:8,241,336.00,58
1:232.23,204.82,244.50,251.05,296.52,172.32,220.68,158.77,-0.44
0:8,241,336.00,58
1:232.23,204.82,244.50,251.05,296.52,172.32,220.68,158.77,-0.44
0:8,241,336.00,58
1:232.23,204.82,244.50,251.05,296.52,172.32,220.68,158.77,-0.44
0:8,241,336.00,58
1:232.23,204.82,244.50,251.05,296.52,172.32,220.68,158.77,-0.44
0:8,241,336.00,58
1:232.23,204.82,244.50,251.05,296.52,172.32,220.68,158.77,-0.44
0:8,241,336.00,58
1:232.23,204.82,244.50,251.05,296.52,172.32,220.68,158.77,-0.44
0:8,241,336.00,58
1:232.23,204.82,244.50,251.05,296.52,172.32,220.68,158.77,-0.44
0:8,241,336.00,58
1:232.23,204.82,244.50,251.05,296.52,172.32,220.68,158.77,-0.44
0:8,241,336.00,58
1:232.23,204.82,244.50,251.05,296.52,172.32,220.68,158.77,-0.44
0:8,241,336.00,58
1:232.23,204.82,244.50,251.05,296.52,172.32,220.68,158.77,-0.44
0:8,241,336.00,58
1:232.23,204.82,244.50,251.05,296.52,172.32,220.68,158.77,-0.44
0:8,241,336.00,58
1:232.23,204.82,244.50,251.05,296.52,172.32,220.68,158.77,-0.44
0:8,241,336.00,58
1:232.23,204.82,244.50,251.05,296.52,172.32,220.68,158.77,-0.44
0:8,241,336.00,58
1:232.23,204.82,244.50,251.05,296.52,172.32,220.68,158.77,-0.44
0:8,241,336.00,58
1:232.23,204.82,244.50,251.05,296.52,172.32,220.68,158.77,-0.44
0:8,241,336.00,58
1:232.23,204.82,244.50,251.05,296.52,172.32,220.68,158.77,-0.44
0:8,241,336.00,58
1:232.23,204.82,244.50,251.05,296.52,172.32,220.68,158.77,-0.44
0:8,241,336.00,58
1:232.23,204.82,244.50,251.05,296.52,172.32,220.68,158.77,-0.44
0:8,241,336.00,58
1:232.23,204.82,244.50,251.05,296.52,172.32,220.68,158.77,-0.44
0:8,241,336.00,58
1:232.23,204.82,244.50,251.05,296.52,172.32,220.68,158.77,-0.44
0:8,241,336.00,58
1:232.23,204.82,244.50,251.05,296.52,172.32,220.68,158.77,-0.44
0:8,241,336.00,58
1:232.23,204.82,244.50,251.05,296.52,172.32,220.68,158.77,-0.44
0:8,241,336.00,58
1:232.23,204.82,244.50,251.05,296.52,172.32,220.68,158.77,-0.44
0:8,241,336.00,58
1:232.23,204.82,244.50,251.05,296.52,172.32,220.68,158.77,-0.44
0:8,241,336.00,58
1:232.23,204.82,244.50,251.05,296.52,172.32,220.68,158.77,-0.44
0:2,81,322.00,59
1:232.23,204.82,244.50,251.05,296.52,172.32,220.68,158.77,-0.44
0:8,242,322.00,59
1:232.15,205.38,251.99,251.51,303.69,164.85,219.80,158.84,-0.20
0:8,241,322.00,59
1:232.15,205.38,251.99,251.51,303.69,164.85,219.80,158.84,-0.20
0:8,241,322.00,59
1:232.15,205.38,251.99,251.51,303.69,164.85,219.80,158.84,-0.20
0:8,241,322.00,59
1:232.15,205.38,251.99,251.51,303.69,164.85,219.80,158.84,-0.20
0:8,241,322.00,59
1:232.15,205.38,251.99,251.51,303.69,164.85,219.80,158.84,-0.20
0:8,241,322.00,59
1:232.15,205.38,251.99,251.51,303.69,164.85,219.80,158.84,-0.20
0:8,241,322.00,59
1:232.15,205.38,251.99,251.51,303.69,164.85,219.80,158.84,-0.20
0:8,241,322.00,59
1:232.15,205.38,251.99,251.51,303.69,164.85,219.80,158.84,-0.20
0:8,241,322.00,59
1:232.15,205.38,251.99,251.51,303.69,164.85,219.80,158.84,-0.20
0:8,241,322.00,59
1:232.15,205.38,251.99,251.51,303.69,164.85,219.80,158.84,-0.20
0:8,241,322.00,59
1:232.15,205.38,251.99,251.51,303.69,164.85,219.80,158.84,-0.20
0:8,241,322.00,59
1:232.15,205.38,251.99,251.51,303.69,164.85,219.80,158.84,-0.20
0:8,241,322.00,59
1:232.15,205.38,251.99,251.51,303.69,164.85,219.80,158.84,-0.20
0:8,241,322.00,59
1:232.15,205.38,251.99,251.51,303.69,164.85,219.80,158.84,-0.20
0:8,241,322.00,59
1:232.15,205.38,251.99,251.51,303.69,164.85,219.80,158.84,-0.20
0:8,241,322.00,59
1:232.15,205.38,251.99,251.51,303.69,164.85,219.80,158.84,-0.20
0:8,241,322.00,59
1:232.15,205.38,251.99,251.51,303.69,164.85,219.80,158.84,-0.20
0:8,241,322.00,59
1:232.15,205.38,251.99,251.51,303.69,164.85,219.80,158.84,-0.20
0:8,241,322.00,59
1:232.15,205.38,251.99,251.51,303.69,164.85,219.80,158.84,-0.20
0:8,241,322.00,59
1:232.15,205.38,251.99,251.51,303.69,164.85,219.80,158.84,-0.20
0:8,241,322.00,59
1:232.15,205.38,251.99,251.51,303.69,164.85,219.80,158.84,-0.20
0:8,241,322.00,59
1:232.15,205.38,251.99,251.51,303.69,164.85,219.80,158.84,-0.20
0:8,241,322.00,59
1:232.15,205.38,251.99,251.51,303.69,164.85,219.80,158.84,-0.20
0:8,241,322.00,59
1:232.15,205.38,251.99,251.51,303.69,164.85,219.80,158.84,-0.20
0:8,241,322.00,59
1:232.15,205.38,251.99,251.51,303.69,164.85,219.80,158.84,-0.20
0:8,241,322.00,59
1:232.15,205.38,251.99,251.51,303.69,164.85,219.80,158.84,-0.20
0:8,241,322.00,59
1:232.15,205.38,251.99,251.51,303.69,164.85,219.80,158.84,-0.20
0:8,241,322.00,59
1:232.15,205.38,251.99,251.51,303.69,164.85,219.80,158.84,-0.20
0:8,241,322.00,59
1:232.15,205.38,251.99,251.51,303.69,164.85,219.80,158.84,-0.20
0:8,241,322.00,59
1:232.15,205.38,251.99,251.51,303.69,164.85,219.80,158.84,-0.20
0:8,241,322.00,59
1:232.15,205.38,251.99,251.51,303.69,164.85,219.80,158.84,-0.20
0:8,241,322.00,59
1:232.15,205.38,251.99,251.51,303.69,164.85,219.80,158.84,-0.20
0:8,241,322.00,59
1:232.15,205.38,251.99,251.51,303.69,164.85,219.80,158.84,-0.20
0:8,241,322.00,59
1:232.15,205.38,251.99,251.51,303.69,164.85,219.80,158.84,-0.20
0:8,241,322.00,59
1:232.15,205.38,251.99,251.51,303.69,164.85,219.80,158.84,-0.20
0:8,241,322.00,59
1:232.15,205.38,251.99,251.51,303.69,164.85,219.80,158.84,-0.20
0:8,241,322.00,59
1:232.15,205.38,251.99,251.51,303.69,164.85,219.80,158.84,-0.20
0:8,241,322.00,59
1:232.15,205.38,251.99,251.51,303.69,164.85,219.80,158.84,-0.20
0:8,241,322.00,59
1:232.15,205.38,251.99,251.51,303.69,164.85,219.80,158.84,-0.20
0:8,241,322.00,59
1:232.15,205.38,251.99,251.51,303.69,164.85,219.80,158.84,-0.20
0:8,241,322.00,59
1:232.15,205.38,251.99,251.51,303.69,164.85,219.80,158.84,-0.20
0:8,241,322.00,59
1:232.15,205.38,251.99,251.51,303.69,164.85,219.80,158.84,-0.20
0:8,241,322.00,59
1:232.15,205.38,251.99,251.51,303.69,164.85,219.80,158.84,-0.20
0:8,241,322.00,59
1:232.15,205.38,251.99,251.51,303.69,164.85,219.80,158.84,-0.20
0:8,241,322.00,59
1:232.15,205.38,251.99,251.51,303.69,164.85,219.80,158.84,-0.20
0:8,241,322.00,59
1:232.15,205.38,251.99,251.51,303.69,164.85,219.80,158.84,-0.20
0:8,241,322.00,59
1:232.15,205.38,251.99,251.51,303.69,164.85,219.80,158.84,-0.20
0:8,241,322.00,59
1:232.15,205.38,251.99,251.51,303.69,164.85,219.80,158.84,-0.20
0:8,241,322.00,59
1:232.15,205.38,251.99,251.51,303.69,164.85,219.80,158.84,-0.20
0:5,160,395.00,10
1:232.15,205.38,251.99,251.51,303.69,164.85,219.80,158.84,-0.20
0:8,242,395.00,10
1:231.92,207.11,235.06,279.15,305.52,219.55,245.12,163.68,6.31
0:8,241,395.00,10
1:231.92,207.11,235.06,279.15,305.52,219.55,245.12,163.68,6.31
0:8,241,395.00,10
1:231.92,207.11,235.06,279.15,305.52,219.55,245.12,163.68,6.31
0:8,241,395.00,10
1:231.92,207.11,235.06,279.15,305.52,219.55,245.12,163.68,6.31
0:8,241,395.00,10
1:231.92,207.11,235.06,279.15,305.52,219.55,245.12,163.68,6.31
0:8,241,395.00,10
1:231.92,207.11,235.06,279.15,305.52,219.55,245.12,163.68,6.31
0:8,241,395.00,10
1:231.92,207.11,235.06,279.15,305.52,219.55,245.12,163.68,6.31
0:8,241,395.00,10
1:231.92,207.11,235.06,279.15,305.52,219.55,245.12,163.68,6.31
0:8,241,395.00,10
1:231.92,207.11,235.06,279.15,305.52,219.55,245.12,163.68,6.31
0:8,241,395.00,10
1:231.92,207.11,235.06,279.15,305.52,219.55,245.12,163.68,6.31
0:8,241,395.00,10
1:231.92,207.11,235.06,279.15,305.52,219.55,245.12,163.68,6.31
0:8,241,395.00,10
1:231.92,207.11,235.06,279.15,305.52,219.55,245.12,163.68,6.31
0:8,241,395.00,10
1:231.92,207.11,235.06,279.15,305.52,219.55,245.12,163.68,6.31
0:8,241,395.00,10
1:231.92,207.11,235.06,279.15,305.52,219.55,245.12,163.68,6.31
0:8,241,395.00,10
1:231.92,207.11,235.06,279.15,305.52,219.55,245.12,163.68,6.31
0:8,241,395.00,10
1:231.92,207.11,235.06,279.15,305.52,219.55,245.12,163.68,6.31
0:8,241,395.00,10
1:231.92,207.11,235.06,279.15,305.52,219.55,245.12,163.68,6.31
0:8,241,395.00,10
1:231.92,207.11,235.06,279.15,305.52,219.55,245.12,163.68,6.31
0:8,241,395.00,10
1:231.92,207.11,235.06,279.15,305.52,219.55,245.12,163.68,6.31
0:8,241,395.00,10
1:231.92,207.11,235.06,279.15,305.52,219.55,245.12,163.68,6.31
0:8,241,395.00,10
1:231.92,207.11,235.06,279.15,305.52,219.55,245.12,163.68,6.31
0:8,241,395.00,10
1:231.92,207.11,235.06,279.15,305.52,219.55,245.12,163.68,6.31
0:8,241,395.00,10
1:231.92,207.11,235.06,279.15,305.52,219.55,245.12,163.68,6.31
0:8,241,395.00,10
1:231.92,207.11,235.06,279.15,305.52,219.55,245.12,163.68,6.31
0:8,241,395.00,10
1:231.92,207.11,235.06,279.15,305.52,219.55,245.12,163.68,6.31
0:8,241,395.00,10
1:231.92,207.11,235.06,279.15,305.52,219.55,245.12,163.68,6.31
0:8,241,395.00,10
1:231.92,207.11,235.06,279.15,305.52,219.55,245.12,163.68,6.31
0:8,241,395.00,10
1:231.92,207.11,235.06,279.15,305.52,219.55,245.12,163.68,6.31
0:8,241,395.00,10
1:231.92,207.11,235.06,279.15,305.52,219.55,245.12,163.68,6.31
0:8,241,395.00,10
1:231.92,207.11,235.06,279.15,305.52,219.55,245.12,163.68,6.31
0:8,241,395.00,10
1:231.92,207.11,235.06,279.15,305.52,219.55,245.12,163.68,6.31
0:8,241,395.00,10
1:231.92,207.11,235.06,279.15,305.52,219.55,245.12,163.68,6.31
0:8,241,395.00,10
1:231.92,207.11,235.06,279.15,305.52,219.55,245.12,163.68,6.31
0:8,241,395.00,10
1:231.92,207.11,235.06,279.15,305.52,219.55,245.12,163.68,6.31
0:8,241,395.00,10
1:231.92,207.11,235.06,279.15,305.52,219.55,245.12,163.68,6.31
0:8,241,395.00,10
1:231.92,207.11,235.06,279.15,305.52,219.55,245.12,163.68,6.31
0:8,241,395.00,10
1:231.92,207.11,235.06,279.15,305.52,219.55,245.12,163.68,6.31
0:8,241,395.00,10
1:231.92,207.11,235.06,279.15,305.52,219.55,245.12,163.68,6.31
0:8,241,395.00,10
1:231.92,207.11,235.06,279.15,305.52,219.55,245.12,163.68,6.31
0:8,241,395.00,10
1:231.92,207.11,235.06,279.15,305.52,219.55,245.12,163.68,6.31
0:8,241,395.00,10
1:231.92,207.11,235.06,279.15,305.52,219.55,245.12,163.68,6.31
0:8,241,395.00,10
1:231.92,207.11,235.06,279.15,305.52,219.55,245.12,163.68,6.31
0:8,241,395.00,10
1:231.92,207.11,235.06,279.15,305.52,219.55,245.12,163.68,6.31
0:8,241,395.00,10
1:231.92,207.11,235.06,279.15,305.52,219.55,245.12,163.68,6.31
0:8,241,395.00,10
1:231.92,207.11,235.06,279.15,305.52,219.55,245.12,163.68,6.31
0:8,241,395.00,10
1:231.92,207.11,235.06,279.15,305.52,219.55,245.12,163.68,6.31
0:8,241,395.00,10
1:231.92,207.11,235.06,279.15,305.52,219.55,245.12,163.68,6.31
0:8,241,395.00,10
1:231.92,207.11,235.06,279.15,305.52,219.55,245.12,163.68,6.31
0:8,241,395.00,10
1:231.92,207.11,235.06,279.15,305.52,219.55,245.12,163.68,6.31
0:1,52,398.00,109
1:231.92,207.11,235.06,279.15,305.52,219.55,245.12,163.68,6.31
0:8,241,398.00,109
1:231.95,208.92,236.56,278.56,303.99,220.97,245.27,163.19,5.56
0:8,241,398.00,109
1:231.95,208.92,236.56,278.56,303.99,220.97,245.27,163.19,5.56
0:8,241,398.00,109
1:231.95,208.92,236.56,278.56,303.99,220.97,245.27,163.19,5.56
0:8,241,398.00,109
1:231.95,208.92,236.56,278.56,303.99,220.97,245.27,163.19,5.56
0:8,241,398.00,109
1:231.95,208.92,236.56,278.56,303.99,220.97,245.27,163.19,5.56
0:8,241,398.00,109
1:231.95,208.92,236.56,278.56,303.99,220.97,245.27,163.19,5.56
0:8,241,398.00,109
1:231.95,208.92,236.56,278.56,303.99,220.97,245.27,163.19,5.56
0:8,241,398.00,109
1:231.95,208.92,236.56,278.56,303.99,220.97,245.27,163.19,5.56
0:8,241,398.00,109
1:231.95,208.92,236.56,278.56,303.99,220.97,245.27,163.19,5.56
0:8,241,398.00,109
1:231.95,208.92,236.56,278.56,303.99,220.97,245.27,163.19,5.56
0:8,241,398.00,109
1:231.95,208.92,236.56,278.56,303.99,220.97,245.27,163.19,5.56
0:8,241,398.00,109
1:231.95,208.92,236.56,278.56,303.99,220.97,245.27,163.19,5.56
0:8,241,398.00,109
1:231.95,208.92,236.56,278.56,303.99,220.97,245.27,163.19,5.56
0:8,241,398.00,109
1:231.95,208.92,236.56,278.56,303.99,220.97,245.27,163.19,5.56
0:8,241,398.00,109
1:231.95,208.92,236.56,278.56,303.99,220.97,245.27,163.19,5.56
0:8,241,398.00,109
1:231.95,208.92,236.56,278.56,303.99,220.97,245.27,163.19,5.56
0:8,241,398.00,109
1:231.95,208.92,236.56,278.56,303.99,220.97,245.27,163.19,5.56
0:8,241,398.00,109
1:231.95,208.92,236.56,278.56,303.99,220.97,245.27,163.19,5.56
0:8,241,398.00,109
1:231.95,208.92,236.56,278.56,303.99,220.97,245.27,163.19,5.56
0:8,241,398.00,109
1:231.95,208.92,236.56,278.56,303.99,220.97,245.27,163.19,5.56
0:8,241,398.00,109
1:231.95,208.92,236.56,278.56,303.99,220.97,245.27,163.19,5.56
0:8,241,398.00,109
1:231.95,208.92,236.56,278.56,303.99,220.97,245.27,163.19,5.56
0:8,241,398.00,109
1:231.95,208.92,236.56,278.56,303.99,220.97,245.27,163.19,5.56
0:8,241,398.00,109
1:231.95,208.92,236.56,278.56,303.99,220.97,245.27,163.19,5.56
0:8,241,398.00,109
1:231.95,208.92,236.56,278.56,303.99,220.97,245.27,163.19,5.56
0:8,241,398.00,109
1:231.95,208.92,236.56,278.56,303.99,220.97,245.27,163.19,5.56
0:8,241,398.00,109
1:231.95,208.92,236.56,278.56,303.99,220.97,245.27,163.19,5.56
0:8,241,398.00,109
1:231.95,208.92,236.56,278.56,303.99,220.97,245.27,163.19,5.56
0:8,241,398.00,109
1:231.95,208.92,236.56,278.56,303.99,220.97,245.27,163.19,5.56
0:8,241,398.00,109
1:231.95,208.92,236.56,278.56,303.99,220.97,245.27,163.19,5.56
0:8,241,398.00,109
1:231.95,208.92,236.56,278.56,303.99,220.97,245.27,163.19,5.56
0:8,241,398.00,109
1:231.95,208.92,236.56,278.56,303.99,220.97,245.27,163.19,5.56
0:8,241,398.00,109
1:231.95,208.92,236.56,278.56,303.99,220.97,245.27,163.19,5.56
0:8,241,398.00,109
1:231.95,208.92,236.56,278.56,303.99,220.97,245.27,163.19,5.56
0:8,241,398.00,109
1:231.95,208.92,236.56,278.56,303.99,220.97,245.27,163.19,5.56
0:8,241,398.00,109
1:231.95,208.92,236.56,278.56,303.99,220.97,245.27,163.19,5.56
0:8,241,398.00,109
1:231.95,208.92,236.56,278.56,303.99,220.97,245.27,163.19,5.56
0:8,241,398.00,109
1:231.95,208.92,236.56,278.56,303.99,220.97,245.27,163.19,5.56
0:8,241,398.00,109
1:231.95,208.92,236.56,278.56,303.99,220.97,245.27,163.19,5.56
0:8,241,398.00,109
1:231.95,208.92,236.56,278.56,303.99,220.97,245.27,163.19,5.56
0:8,241,398.00,109
1:231.95,208.92,236.56,278.56,303.99,220.97,245.27,163.19,5.56
0:8,241,398.00,109
1:231.95,208.92,236.56,278.56,303.99,220.97,245.27,163.19,5.56
0:8,241,398.00,109
1:231.95,208.92,236.56,278.56,303.99,220.97,245.27,163.19,5.56
0:8,241,398.00,109
1:231.95,208.92,236.56,278.56,303.99,220.97,245.27,163.19,5.56
0:8,241,398.00,109
1:231.95,208.92,236.56,278.56,303.99,220.97,245.27,163.19,5.56
0:8,241,398.00,109
1:231.95,208.92,236.56,278.56,303.99,220.97,245.27,163.19,5.56
0:8,241,398.00,109
1:231.95,208.92,236.56,278.56,303.99,220.97,245.27,163.19,5.56
0:8,241,398.00,109
1:231.95,208.92,236.56,278.56,303.99,220.97,245.27,163.19,5.56
0:8,241,398.00,109
1:231.95,208.92,236.56,278.56,303.99,220.97,245.27,163.19,5.56
0:7,216,321.00,0
1:231.95,208.92,236.56,278.56,303.99,220.97,245.27,163.19,5.56
0:8,242,321.00,0
1:232.00,208.58,236.95,279.07,307.09,223.77,251.58,188.27,-7.66
0:8,241,321.00,0
1:232.00,208.58,236.95,279.07,307.09,223.77,251.58,188.27,-7.66
0:8,241,321.00,0
1:232.00,208.58,236.95,279.07,307.09,223.77,251.58,188.27,-7.66
0:8,241,321.00,0
1:232.00,208.58,236.95,279.07,307.09,223.77,251.58,188.27,-7.66
0:8,241,321.00,0
1:232.00,208.58,236.95,279.07,307.09,223.77,251.58,188.27,-7.66
0:8,241,321.00,0
1:232.00,208.58,236.95,279.07,307.09,223.77,251.58,188.27,-7.66
0:8,241,321.00,0
1:232.00,208.58,236.95,279.07,307.09,223.77,251.58,188.27,-7.66
0:8,241,321.00,0
1:232.00,208.58,236.95,279.07,307.09,223.77,251.58,188.27,-7.66
0:8,241,321.00,0
1:232.00,208.58,236.95,279.07,307.09,223.77,251.58,188.27,-7.66
0:8,241,321.00,0
1:232.00,208.58,236.95,279.07,307.09,223.77,251.58,188.27,-7.66
0:8,241,321.00,0
1:232.00,208.58,236.95,279.07,307.09,223.77,251.58,188.27,-7.66
0:8,241,321.00,0
1:232.00,208.58,236.95,279.07,307.09,223.77,251.58,188.27,-7.66
0:8,241,321.00,0
1:232.00,208.58,236.95,279.07,307.09,223.77,251.58,188.27,-7.66
0:8,241,321.00,0
1:232.00,208.58,236.95,279.07,307.09,223.77,251.58,188.27,-7.66
0:8,241,321.00,0
1:232.00,208.58,236.95,279.07,307.09,223.77,251.58,188.27,-7.66
0:8,241,321.00,0
1:232.00,208.58,236.95,279.07,307.09,223.77,251.58,188.27,-7.66
0:8,241,321.00,0
1:232.00,208.58,236.95,279.07,307.09,223.77,251.58,188.27,-7.66
0:8,241,321.00,0
1:232.00,208.58,236.95,279.07,307.09,223.77,251.58,188.27,-7.66
0:8,241,321.00,0
1:232.00,208.58,236.95,279.07,307.09,223.77,251.58,188.27,-7.66
0:8,241,321.00,0
1:232.00,208.58,236.95,279.07,307.09,223.77,251.58,188.27,-7.66
0:8,241,321.00,0
1:232.00,208.58,236.95,279.07,307.09,223.77,251.58,188.27,-7.66
0:8,241,321.00,0
1:232.00,208.58,236.95,279.07,307.09,223.77,251.58,188.27,-7.66
0:8,241,321.00,0
1:232.00,208.58,236.95,279.07,307.09,223.77,251.58,188.27,-7.66
0:8,241,321.00,0
1:232.00,208.58,236.95,279.07,307.09,223.77,251.58,188.27,-7.66
0:8,241,321.00,0
1:232.00,208.58,236.95,279.07,307.09,223.77,251.58,188.27,-7.66
0:8,241,321.00,0
1:232.00,208.58,236.95,279.07,307.09,223.77,251.58,188.27,-7.66
0:8,241,321.00,0
1:232.00,208.58,236.95,279.07,307.09,223.77,251.58,188.27,-7.66
0:8,241,321.00,0
1:232.00,208.58,236.95,279.07,307.09,223.77,251.58,188.27,-7.66
0:8,241,321.00,0
1:232.00,208.58,236.95,279.07,307.09,223.77,251.58,188.27,-7.66
0:8,241,321.00,0
1:232.00,208.58,236.95,279.07,307.09,223.77,251.58,188.27,-7.66
0:8,241,321.00,0
1:232.00,208.58,236.95,279.07,307.09,223.77,251.58,188.27,-7.66
0:8,241,321.00,0
1:232.00,208.58,236.95,279.07,307.09,223.77,251.58,188.27,-7.66
0:8,241,321.00,0
1:232.00,208.58,236.95,279.07,307.09,223.77,251.58,188.27,-7.66
0:8,241,321.00,0
1:232.00,208.58,236.95,279.07,307.09,223.77,251.58,188.27,-7.66
0:8,241,321.00,0
1:232.00,208.58,236.95,279.07,307.09,223.77,251.58,188.27,-7.66
0:8,241,321.00,0
1:232.00,208.58,236.95,279.07,307.09,223.77,251.58,188.27,-7.66
0:8,241,321.00,0
1:232.00,208.58,236.95,279.07,307.09,223.77,251.58,188.27,-7.66
0:8,241,321.00,0
1:232.00,208.58,236.95,279.07,307.09,223.77,251.58,188.27,-7.66
0:8,241,321.00,0
1:232.00,208.58,236.95,279.07,307.09,223.77,251.58,188.27,-7.66
0:8,241,321.00,0
1:232.00,208.58,236.95,279.07,307.09,223.77,251.58,188.27,-7.66
0:8,241,321.00,0
1:232.00,208.58,236.95,279.07,307.09,223.77,251.58,188.27,-7.66
0:8,241,321.00,0
1:232.00,208.58,236.95,279.07,307.09,223.77,251.58,188.27,-7.66
0:8,241,321.00,0
1:232.00,208.58,236.95,279.07,307.09,223.77,251.58,188.27,-7.66
0:8,241,321.00,0
1:232.00,208.58,236.95,279.07,307.09,223.77,251.58,188.27,-7.66
0:8,241,321.00,0
1:232.00,208.58,236.95,279.07,307.09,223.77,251.58,188.27,-7.66
0:8,241,321.00,0
1:232.00,208.58,236.95,279.07,307.09,223.77,251.58,188.27,-7.66
0:8,242,321.00,0
1:232.00,208.58,236.95,279.07,307.09,223.77,251.58,188.27,-7.66
0:8,241,321.00,0
1:232.00,208.58,236.95,279.07,307.09,223.77,251.58,188.27,-7.66
0:8,242,321.00,0
1:232.00,208.58,236.95,279.07,307.09,223.77,251.58,188.27,-7.66
